entry_time,exit_time,type,entry_level,entry_price,exit_price,pnl,reason
2025-11-27 09:15:00+05:30,2025-11-27 11:05:00+05:30,SHORT,403,403,403.1000061035156,-0.6642761077880859,EMA_SWITCH
2025-11-27 11:05:00+05:30,2025-11-27 11:15:00+05:30,BUY,403,403,403.04998779296875,-0.5142471984863282,EMA_SWITCH
2025-11-27 11:15:00+05:30,2025-11-27 11:20:00+05:30,SHORT,403,403,403.1000061035156,-0.6642761077880859,EMA_SWITCH
2025-11-27 11:20:00+05:30,2025-11-27 11:35:00+05:30,BUY,403,403,403.0,-0.5642,EMA_SWITCH
2025-11-27 11:35:00+05:30,2025-11-27 11:40:00+05:30,SHORT,403,403,403.1000061035156,-0.6642761077880859,EMA_SWITCH
2025-11-27 11:40:00+05:30,2025-11-27 11:45:00+05:30,BUY,403,403,402.75,-0.814025,EMA_SWITCH
2025-11-27 11:45:00+05:30,2025-11-27 12:10:00+05:30,SHORT,403,403,403.1000061035156,-0.6642761077880859,EMA_SWITCH
2025-11-27 12:10:00+05:30,2025-11-27 12:20:00+05:30,BUY,403,403,402.8999938964844,-0.6641360992431641,EMA_SWITCH
2025-11-27 12:20:00+05:30,2025-11-27 12:40:00+05:30,SHORT,403,403,403.04998779296875,-0.6142227844238282,EMA_SWITCH
2025-11-27 12:40:00+05:30,2025-11-27 13:05:00+05:30,BUY,403,403,402.70001220703125,-0.8639778015136719,EMA_SWITCH
2025-11-27 13:05:00+05:30,2025-11-27 13:50:00+05:30,SHORT,403,403,402.8500061035156,-0.41410110778808595,EMA_SWITCH
2025-11-27 13:55:00+05:30,2025-11-27 14:05:00+05:30,SHORT,403,403,403.0,-0.5642,EMA_SWITCH
2025-11-27 14:05:00+05:30,2025-11-27 14:10:00+05:30,BUY,403,403,402.5,-1.06385,EMA_SWITCH
2025-11-27 14:10:00+05:30,2025-11-27 14:20:00+05:30,SHORT,403,403,403.0,-0.5642,EMA_SWITCH
2025-11-27 14:20:00+05:30,2025-11-27 14:35:00+05:30,BUY,403,403,402.79998779296875,-0.7640721984863281,EMA_SWITCH
2025-11-27 14:45:00+05:30,2025-11-27 15:00:00+05:30,BUY,403,403,404.0,0.43510000000000004,TARGET
2025-11-27 15:00:00+05:30,2025-11-27 15:25:00+05:30,BUY,404,404,405.5,0.93335,EOD
2025-11-28 09:15:00+05:30,2025-11-28 09:30:00+05:30,BUY,404,404,403.1499938964844,-1.4150110992431641,EMA_SWITCH
2025-11-28 09:35:00+05:30,2025-11-28 09:40:00+05:30,SHORT,403,403,403.45001220703125,-1.0145272155761718,EMA_SWITCH
2025-11-28 09:40:00+05:30,2025-11-28 10:10:00+05:30,BUY,403,403,402.95001220703125,-0.6141528015136719,EMA_SWITCH
2025-11-28 10:10:00+05:30,2025-11-28 10:35:00+05:30,SHORT,403,403,403.3500061035156,-0.9144511077880859,EMA_SWITCH
2025-11-28 10:35:00+05:30,2025-11-28 11:00:00+05:30,BUY,403,403,403.0,-0.5642,EMA_SWITCH
2025-11-28 11:00:00+05:30,2025-11-28 11:20:00+05:30,SHORT,403,403,403.20001220703125,-0.7643522155761718,EMA_SWITCH
2025-11-28 11:20:00+05:30,2025-11-28 11:55:00+05:30,BUY,403,403,404.0,0.43510000000000004,TARGET
2025-11-28 11:55:00+05:30,2025-11-28 12:20:00+05:30,BUY,404,404,403.25,-1.315075,EMA_SWITCH
2025-11-28 12:20:00+05:30,2025-11-28 12:40:00+05:30,SHORT,403,403,403.79998779296875,-1.364747784423828,EMA_SWITCH
2025-11-28 12:45:00+05:30,2025-11-28 13:40:00+05:30,BUY,404,404,403.3999938964844,-1.1651860992431642,EMA_SWITCH
2025-11-28 14:15:00+05:30,2025-11-28 14:30:00+05:30,SHORT,403,403,403.70001220703125,-1.2647022155761718,EMA_SWITCH
2025-11-28 14:30:00+05:30,2025-11-28 14:40:00+05:30,BUY,403,403,403.29998779296875,-0.2644221984863281,EMA_SWITCH
2025-11-28 15:05:00+05:30,2025-11-28 15:25:00+05:30,BUY,404,404,404.29998779296875,-0.26582219848632815,EOD
2025-12-01 09:15:00+05:30,2025-12-01 09:20:00+05:30,SHORT,400,400,399.0,0.4407,TARGET
2025-12-01 09:15:00+05:30,2025-12-01 09:20:00+05:30,SHORT,401,401,400.0,0.4393,TARGET
2025-12-01 09:15:00+05:30,2025-12-01 09:35:00+05:30,SHORT,402,402,401.0,0.43789999999999996,TARGET
2025-12-01 09:35:00+05:30,2025-12-01 09:40:00+05:30,SHORT,401,401,400.0,0.4393,TARGET
2025-12-01 09:40:00+05:30,2025-12-01 09:45:00+05:30,SHORT,401,401,400.0,0.4393,TARGET
2025-12-01 09:15:00+05:30,2025-12-01 11:05:00+05:30,SHORT,399,399,403.20001220703125,-4.761552215576172,EMA_SWITCH
2025-12-01 09:20:00+05:30,2025-12-01 11:05:00+05:30,SHORT,400,400,403.20001220703125,-3.7622522155761717,EMA_SWITCH
2025-12-01 09:55:00+05:30,2025-12-01 11:05:00+05:30,SHORT,401,401,403.20001220703125,-2.762952215576172,EMA_SWITCH
2025-12-01 10:00:00+05:30,2025-12-01 11:05:00+05:30,SHORT,402,402,403.20001220703125,-1.763652215576172,EMA_SWITCH
2025-12-01 11:05:00+05:30,2025-12-01 11:05:00+05:30,BUY,402,402,403.0,0.4365,TARGET
2025-12-01 11:05:00+05:30,2025-12-01 11:10:00+05:30,BUY,403,403,404.0,0.43510000000000004,TARGET
2025-12-01 11:15:00+05:30,2025-12-01 11:30:00+05:30,BUY,403,403,404.0,0.43510000000000004,TARGET
2025-12-01 11:10:00+05:30,2025-12-01 11:55:00+05:30,BUY,404,404,405.0,0.4337,TARGET
2025-12-01 12:10:00+05:30,2025-12-01 12:25:00+05:30,BUY,404,404,405.0,0.4337,TARGET
2025-12-01 11:55:00+05:30,2025-12-01 14:10:00+05:30,BUY,405,405,403.8999938964844,-1.666236099243164,EMA_SWITCH
2025-12-01 14:10:00+05:30,2025-12-01 14:55:00+05:30,SHORT,404,404,403.8999938964844,-0.46552389221191404,EMA_SWITCH
2025-12-01 14:55:00+05:30,2025-12-01 15:00:00+05:30,BUY,404,404,403.8500061035156,-0.7154889007568359,EMA_SWITCH
2025-12-01 15:00:00+05:30,2025-12-01 15:15:00+05:30,SHORT,404,404,404.3500061035156,-0.915851107788086,EMA_SWITCH
2025-12-01 15:15:00+05:30,2025-12-01 15:25:00+05:30,BUY,404,404,404.25,-0.31577500000000003,EOD
2025-12-02 09:15:00+05:30,2025-12-02 09:15:00+05:30,BUY,404,404,405.0,0.4337,TARGET
2025-12-02 09:15:00+05:30,2025-12-02 09:30:00+05:30,BUY,405,405,403.8500061035156,-1.716188900756836,EMA_SWITCH
2025-12-02 09:30:00+05:30,2025-12-02 09:35:00+05:30,SHORT,404,404,404.3500061035156,-0.915851107788086,EMA_SWITCH
2025-12-02 09:35:00+05:30,2025-12-02 09:40:00+05:30,BUY,404,404,403.54998779296875,-1.0152971984863282,EMA_SWITCH
2025-12-02 09:40:00+05:30,2025-12-02 09:45:00+05:30,SHORT,404,404,403.0,0.43510000000000004,TARGET
2025-12-02 09:45:00+05:30,2025-12-02 10:30:00+05:30,SHORT,403,403,402.0,0.4365,TARGET
2025-12-02 10:30:00+05:30,2025-12-02 10:35:00+05:30,SHORT,402,402,401.0,0.43789999999999996,TARGET
2025-12-02 10:50:00+05:30,2025-12-02 11:20:00+05:30,SHORT,402,402,401.0,0.43789999999999996,TARGET
2025-12-02 11:20:00+05:30,2025-12-02 12:55:00+05:30,SHORT,402,402,401.0,0.43789999999999996,TARGET
2025-12-02 10:35:00+05:30,2025-12-02 13:45:00+05:30,SHORT,401,401,402.1000061035156,-1.6621761077880859,EMA_SWITCH
2025-12-02 13:45:00+05:30,2025-12-02 14:10:00+05:30,BUY,402,402,401.70001220703125,-0.8625778015136719,EMA_SWITCH
2025-12-02 14:10:00+05:30,2025-12-02 14:35:00+05:30,SHORT,402,402,401.0,0.43789999999999996,TARGET
2025-12-02 14:35:00+05:30,2025-12-02 15:25:00+05:30,SHORT,401,401,401.70001220703125,-1.2619022155761719,EOD
2025-12-03 09:15:00+05:30,2025-12-03 09:20:00+05:30,SHORT,401,401,400.0,0.4393,TARGET
2025-12-03 09:20:00+05:30,2025-12-03 09:25:00+05:30,SHORT,400,400,399.0,0.4407,TARGET
2025-12-03 09:25:00+05:30,2025-12-03 09:30:00+05:30,SHORT,400,400,399.0,0.4407,TARGET
2025-12-03 09:15:00+05:30,2025-12-03 11:15:00+05:30,SHORT,402,402,400.75,0.688075,EMA_SWITCH
2025-12-03 09:25:00+05:30,2025-12-03 11:15:00+05:30,SHORT,399,399,400.75,-2.309825,EMA_SWITCH
2025-12-03 10:10:00+05:30,2025-12-03 11:15:00+05:30,SHORT,400,400,400.75,-1.310525,EMA_SWITCH
2025-12-03 11:15:00+05:30,2025-12-03 12:00:00+05:30,BUY,401,401,402.0,0.43789999999999996,TARGET
2025-12-03 12:00:00+05:30,2025-12-03 12:30:00+05:30,BUY,402,402,400.0,-2.5614,EMA_SWITCH
2025-12-03 12:25:00+05:30,2025-12-03 12:30:00+05:30,BUY,401,401,400.0,-1.5607,EMA_SWITCH
2025-12-03 12:30:00+05:30,2025-12-03 12:35:00+05:30,SHORT,401,401,400.0,0.4393,TARGET
2025-12-03 12:30:00+05:30,2025-12-03 14:20:00+05:30,SHORT,400,400,400.3999938964844,-0.9602738922119141,EMA_SWITCH
2025-12-03 14:25:00+05:30,2025-12-03 15:05:00+05:30,SHORT,400,400,400.3500061035156,-0.9102511077880859,EMA_SWITCH
2025-12-03 15:05:00+05:30,2025-12-03 15:25:00+05:30,BUY,400,400,400.5,-0.060350000000000015,EOD
2025-12-04 09:15:00+05:30,2025-12-04 09:20:00+05:30,SHORT,400,400,400.3500061035156,-0.9102511077880859,EMA_SWITCH
2025-12-04 09:20:00+05:30,2025-12-04 09:35:00+05:30,BUY,400,400,401.0,0.4393,TARGET
2025-12-04 09:35:00+05:30,2025-12-04 10:30:00+05:30,BUY,401,401,402.0,0.43789999999999996,TARGET
2025-12-04 10:30:00+05:30,2025-12-04 11:00:00+05:30,BUY,402,402,403.0,0.4365,TARGET
2025-12-04 11:00:00+05:30,2025-12-04 12:20:00+05:30,BUY,403,403,401.6000061035156,-1.9632139007568359,EMA_SWITCH
2025-12-04 12:10:00+05:30,2025-12-04 12:20:00+05:30,BUY,402,402,401.6000061035156,-0.962513900756836,EMA_SWITCH
2025-12-04 12:20:00+05:30,2025-12-04 12:40:00+05:30,SHORT,402,402,401.95001220703125,-0.5127772155761718,EMA_SWITCH
2025-12-04 12:45:00+05:30,2025-12-04 12:50:00+05:30,BUY,402,402,401.54998779296875,-1.012497198486328,EMA_SWITCH
2025-12-04 12:55:00+05:30,2025-12-04 13:05:00+05:30,BUY,402,402,401.6000061035156,-0.962513900756836,EMA_SWITCH
2025-12-04 13:05:00+05:30,2025-12-04 13:20:00+05:30,SHORT,402,402,402.20001220703125,-0.7629522155761719,EMA_SWITCH
2025-12-04 13:20:00+05:30,2025-12-04 13:40:00+05:30,BUY,402,402,401.70001220703125,-0.8625778015136719,EMA_SWITCH
2025-12-04 14:05:00+05:30,2025-12-04 14:10:00+05:30,BUY,402,402,401.54998779296875,-1.012497198486328,EMA_SWITCH
2025-12-04 14:10:00+05:30,2025-12-04 14:25:00+05:30,SHORT,402,402,401.75,-0.31262500000000004,EMA_SWITCH
2025-12-04 14:50:00+05:30,2025-12-04 15:05:00+05:30,BUY,402,402,403.0,0.4365,TARGET
2025-12-04 15:05:00+05:30,2025-12-04 15:25:00+05:30,BUY,403,403,403.25,-0.31437499999999996,EOD
2025-12-05 09:15:00+05:30,2025-12-05 09:55:00+05:30,BUY,403,403,402.3500061035156,-1.213738900756836,EMA_SWITCH
2025-12-05 10:00:00+05:30,2025-12-05 10:00:00+05:30,BUY,402,402,403.0,0.4365,TARGET
2025-12-05 10:00:00+05:30,2025-12-05 12:05:00+05:30,BUY,403,403,404.0,0.43510000000000004,TARGET
2025-12-05 12:05:00+05:30,2025-12-05 14:00:00+05:30,BUY,404,404,405.0,0.4337,TARGET
2025-12-05 14:00:00+05:30,2025-12-05 15:25:00+05:30,BUY,405,405,405.1499938964844,-0.41711109924316403,EOD
2025-12-08 09:15:00+05:30,2025-12-08 09:20:00+05:30,SHORT,405,405,404.6499938964844,-0.21674889221191407,EMA_SWITCH
2025-12-08 09:25:00+05:30,2025-12-08 10:15:00+05:30,SHORT,404,404,404.1000061035156,-0.665676107788086,EMA_SWITCH
2025-12-08 10:15:00+05:30,2025-12-08 10:30:00+05:30,BUY,404,404,404.0,-0.5656,EMA_SWITCH
2025-12-08 10:30:00+05:30,2025-12-08 10:50:00+05:30,SHORT,404,404,404.3500061035156,-0.915851107788086,EMA_SWITCH
2025-12-08 10:50:00+05:30,2025-12-08 11:10:00+05:30,BUY,404,404,405.0,0.4337,TARGET
2025-12-08 11:10:00+05:30,2025-12-08 12:30:00+05:30,BUY,405,405,403.6000061035156,-1.966013900756836,EMA_SWITCH
2025-12-08 12:30:00+05:30,2025-12-08 12:40:00+05:30,SHORT,404,404,403.0,0.43510000000000004,TARGET
2025-12-08 12:40:00+05:30,2025-12-08 13:20:00+05:30,SHORT,403,403,402.0,0.4365,TARGET
2025-12-08 13:20:00+05:30,2025-12-08 13:40:00+05:30,SHORT,402,402,401.0,0.43789999999999996,TARGET
2025-12-08 13:40:00+05:30,2025-12-08 15:10:00+05:30,SHORT,401,401,402.75,-2.312625,EMA_SWITCH
2025-12-08 14:40:00+05:30,2025-12-08 15:10:00+05:30,SHORT,402,402,402.75,-1.3133249999999999,EMA_SWITCH
2025-12-08 15:15:00+05:30,2025-12-08 15:25:00+05:30,SHORT,402,402,402.0,-0.5628,EOD
2025-12-09 09:15:00+05:30,2025-12-09 09:20:00+05:30,SHORT,403,403,402.0,0.4365,TARGET
2025-12-09 09:15:00+05:30,2025-12-09 09:25:00+05:30,SHORT,402,402,401.0,0.43789999999999996,TARGET
2025-12-09 09:25:00+05:30,2025-12-09 10:15:00+05:30,SHORT,401,401,402.3500061035156,-1.912351107788086,EMA_SWITCH
2025-12-09 10:15:00+05:30,2025-12-09 10:30:00+05:30,BUY,402,402,402.0,-0.5628,EMA_SWITCH
2025-12-09 10:30:00+05:30,2025-12-09 10:35:00+05:30,SHORT,402,402,402.70001220703125,-1.263302215576172,EMA_SWITCH
2025-12-09 10:35:00+05:30,2025-12-09 10:40:00+05:30,BUY,402,402,403.0,0.4365,TARGET
2025-12-09 10:40:00+05:30,2025-12-09 11:10:00+05:30,BUY,403,403,404.0,0.43510000000000004,TARGET
2025-12-09 11:10:00+05:30,2025-12-09 11:40:00+05:30,BUY,404,404,402.25,-2.314375,EMA_SWITCH
2025-12-09 11:25:00+05:30,2025-12-09 11:40:00+05:30,BUY,403,403,402.25,-1.313675,EMA_SWITCH
2025-12-09 12:05:00+05:30,2025-12-09 13:05:00+05:30,BUY,403,403,404.0,0.43510000000000004,TARGET
2025-12-09 13:05:00+05:30,2025-12-09 13:30:00+05:30,BUY,404,404,402.95001220703125,-1.6148528015136718,EMA_SWITCH
2025-12-09 13:25:00+05:30,2025-12-09 13:30:00+05:30,BUY,403,403,402.95001220703125,-0.6141528015136719,EMA_SWITCH
2025-12-09 13:30:00+05:30,2025-12-09 13:35:00+05:30,SHORT,403,403,403.45001220703125,-1.0145272155761718,EMA_SWITCH
2025-12-09 13:35:00+05:30,2025-12-09 13:40:00+05:30,BUY,403,403,402.8999938964844,-0.6641360992431641,EMA_SWITCH
2025-12-09 13:40:00+05:30,2025-12-09 13:55:00+05:30,SHORT,403,403,403.3500061035156,-0.9144511077880859,EMA_SWITCH
2025-12-09 13:55:00+05:30,2025-12-09 14:00:00+05:30,BUY,403,403,402.8999938964844,-0.6641360992431641,EMA_SWITCH
2025-12-09 14:00:00+05:30,2025-12-09 14:05:00+05:30,SHORT,403,403,403.20001220703125,-0.7643522155761718,EMA_SWITCH
2025-12-09 14:05:00+05:30,2025-12-09 14:10:00+05:30,BUY,403,403,402.70001220703125,-0.8639778015136719,EMA_SWITCH
2025-12-09 14:10:00+05:30,2025-12-09 14:20:00+05:30,SHORT,403,403,402.0,0.4365,TARGET
2025-12-09 14:20:00+05:30,2025-12-09 14:35:00+05:30,SHORT,402,402,401.0,0.43789999999999996,TARGET
2025-12-09 14:40:00+05:30,2025-12-09 15:10:00+05:30,SHORT,402,402,401.0,0.43789999999999996,TARGET
2025-12-09 14:35:00+05:30,2025-12-09 15:25:00+05:30,SHORT,401,401,401.04998779296875,-0.6114227844238281,EOD
2025-12-10 09:15:00+05:30,2025-12-10 09:15:00+05:30,BUY,401,401,402.0,0.43789999999999996,TARGET
2025-12-10 09:15:00+05:30,2025-12-10 09:20:00+05:30,BUY,402,402,402.1000061035156,-0.4628639007568359,EMA_SWITCH
2025-12-10 09:25:00+05:30,2025-12-10 09:35:00+05:30,BUY,402,402,403.0,0.4365,TARGET
2025-12-10 09:35:00+05:30,2025-12-10 10:00:00+05:30,BUY,403,403,404.0,0.43510000000000004,TARGET
2025-12-10 10:00:00+05:30,2025-12-10 12:40:00+05:30,BUY,404,404,403.1499938964844,-1.4150110992431641,EMA_SWITCH
2025-12-10 10:50:00+05:30,2025-12-10 12:40:00+05:30,BUY,403,403,403.1499938964844,-0.414311099243164,EMA_SWITCH
2025-12-10 12:40:00+05:30,2025-12-10 12:45:00+05:30,SHORT,403,403,403.29998779296875,-0.8643977844238281,EMA_SWITCH
2025-12-10 12:45:00+05:30,2025-12-10 13:20:00+05:30,BUY,403,403,404.0,0.43510000000000004,TARGET
2025-12-10 13:20:00+05:30,2025-12-10 13:55:00+05:30,BUY,404,404,403.04998779296875,-1.514947198486328,EMA_SWITCH
2025-12-10 13:55:00+05:30,2025-12-10 14:30:00+05:30,SHORT,403,403,403.29998779296875,-0.8643977844238281,EMA_SWITCH
2025-12-10 14:30:00+05:30,2025-12-10 14:35:00+05:30,BUY,403,403,403.25,-0.31437499999999996,EMA_SWITCH
2025-12-10 14:55:00+05:30,2025-12-10 15:05:00+05:30,BUY,403,403,403.1499938964844,-0.414311099243164,EMA_SWITCH
2025-12-10 15:05:00+05:30,2025-12-10 15:25:00+05:30,SHORT,403,403,403.1000061035156,-0.6642761077880859,EOD
2025-12-11 09:15:00+05:30,2025-12-11 09:25:00+05:30,SHORT,403,403,402.0,0.4365,TARGET
2025-12-11 09:25:00+05:30,2025-12-11 11:15:00+05:30,SHORT,402,402,402.45001220703125,-1.013127215576172,EMA_SWITCH
2025-12-11 11:55:00+05:30,2025-12-11 12:15:00+05:30,SHORT,402,402,402.45001220703125,-1.013127215576172,EMA_SWITCH
2025-12-11 12:15:00+05:30,2025-12-11 12:20:00+05:30,BUY,402,402,402.3999938964844,-0.16308609924316408,EMA_SWITCH
2025-12-11 13:00:00+05:30,2025-12-11 13:35:00+05:30,SHORT,402,402,402.29998779296875,-0.8629977844238281,EMA_SWITCH
2025-12-11 13:35:00+05:30,2025-12-11 14:05:00+05:30,BUY,402,402,402.29998779296875,-0.26302219848632813,EMA_SWITCH
2025-12-11 14:20:00+05:30,2025-12-11 14:30:00+05:30,BUY,403,403,404.0,0.43510000000000004,TARGET
2025-12-11 14:30:00+05:30,2025-12-11 15:25:00+05:30,BUY,404,404,403.0,-1.5649,EOD
2025-12-11 14:35:00+05:30,2025-12-11 15:25:00+05:30,BUY,403,403,403.0,-0.5642,EOD
2025-12-12 09:15:00+05:30,2025-12-12 09:25:00+05:30,SHORT,403,403,402.0,0.4365,TARGET
2025-12-12 09:25:00+05:30,2025-12-12 09:30:00+05:30,SHORT,402,402,402.75,-1.3133249999999999,EMA_SWITCH
2025-12-12 09:35:00+05:30,2025-12-12 09:45:00+05:30,BUY,403,403,402.6499938964844,-0.913961099243164,EMA_SWITCH
2025-12-12 09:45:00+05:30,2025-12-12 10:05:00+05:30,SHORT,403,403,402.0,0.4365,TARGET
2025-12-12 10:05:00+05:30,2025-12-12 10:20:00+05:30,SHORT,402,402,401.0,0.43789999999999996,TARGET
2025-12-12 10:20:00+05:30,2025-12-12 14:35:00+05:30,SHORT,401,401,400.0,0.4393,TARGET
2025-12-12 14:35:00+05:30,2025-12-12 15:25:00+05:30,SHORT,400,400,400.1000061035156,-0.6600761077880859,EOD
2025-12-15 09:15:00+05:30,2025-12-15 09:20:00+05:30,BUY,400,400,400.5,-0.060350000000000015,EMA_SWITCH
2025-12-15 09:25:00+05:30,2025-12-15 10:30:00+05:30,SHORT,400,400,400.5,-1.0603500000000001,EMA_SWITCH
2025-12-15 10:40:00+05:30,2025-12-15 10:50:00+05:30,BUY,401,401,402.0,0.43789999999999996,TARGET
2025-12-15 10:50:00+05:30,2025-12-15 13:20:00+05:30,BUY,402,402,403.0,0.4365,TARGET
2025-12-15 13:20:00+05:30,2025-12-15 14:20:00+05:30,BUY,403,403,402.0,-1.5635,EMA_SWITCH
2025-12-15 14:15:00+05:30,2025-12-15 14:20:00+05:30,BUY,402,402,402.0,-0.5628,EMA_SWITCH
2025-12-15 14:20:00+05:30,2025-12-15 14:30:00+05:30,SHORT,402,402,402.04998779296875,-0.6128227844238281,EMA_SWITCH
2025-12-15 14:30:00+05:30,2025-12-15 15:25:00+05:30,BUY,402,402,402.0,-0.5628,EOD
2025-12-16 09:15:00+05:30,2025-12-16 09:20:00+05:30,SHORT,402,402,402.25,-0.812975,EMA_SWITCH
2025-12-16 09:20:00+05:30,2025-12-16 09:50:00+05:30,BUY,402,402,403.0,0.4365,TARGET
2025-12-16 09:50:00+05:30,2025-12-16 09:50:00+05:30,BUY,403,403,404.0,0.43510000000000004,TARGET
2025-12-16 09:55:00+05:30,2025-12-16 10:15:00+05:30,BUY,403,403,404.0,0.43510000000000004,TARGET
2025-12-16 09:50:00+05:30,2025-12-16 10:15:00+05:30,BUY,404,404,405.0,0.4337,TARGET
2025-12-16 10:45:00+05:30,2025-12-16 10:50:00+05:30,BUY,404,404,405.0,0.4337,TARGET
2025-12-16 10:15:00+05:30,2025-12-16 11:40:00+05:30,BUY,405,405,403.3999938964844,-2.1658860992431643,EMA_SWITCH
2025-12-16 11:20:00+05:30,2025-12-16 11:40:00+05:30,BUY,404,404,403.3999938964844,-1.1651860992431642,EMA_SWITCH
2025-12-16 12:00:00+05:30,2025-12-16 12:15:00+05:30,SHORT,403,403,403.5,-1.06455,EMA_SWITCH
2025-12-16 12:30:00+05:30,2025-12-16 13:10:00+05:30,SHORT,403,403,402.0,0.4365,TARGET
2025-12-16 13:10:00+05:30,2025-12-16 14:10:00+05:30,SHORT,402,402,403.0,-1.5635,EMA_SWITCH
2025-12-16 14:10:00+05:30,2025-12-16 14:15:00+05:30,BUY,403,403,402.20001220703125,-1.363627801513672,EMA_SWITCH
2025-12-16 14:15:00+05:30,2025-12-16 14:30:00+05:30,SHORT,403,403,402.0,0.4365,TARGET
2025-12-16 14:30:00+05:30,2025-12-16 15:25:00+05:30,SHORT,402,402,401.95001220703125,-0.5127772155761718,EOD
2025-12-17 09:15:00+05:30,2025-12-17 09:20:00+05:30,SHORT,402,402,402.54998779296875,-1.1131727844238282,EMA_SWITCH
2025-12-17 10:05:00+05:30,2025-12-17 10:25:00+05:30,SHORT,402,402,402.45001220703125,-1.013127215576172,EMA_SWITCH
2025-12-17 10:25:00+05:30,2025-12-17 10:30:00+05:30,BUY,402,402,402.3999938964844,-0.16308609924316408,EMA_SWITCH
2025-12-17 10:35:00+05:30,2025-12-17 11:40:00+05:30,SHORT,402,402,401.0,0.43789999999999996,TARGET
2025-12-17 11:40:00+05:30,2025-12-17 12:05:00+05:30,SHORT,401,401,400.0,0.4393,TARGET
2025-12-17 12:05:00+05:30,2025-12-17 13:50:00+05:30,SHORT,400,400,401.0,-1.5607,EMA_SWITCH
2025-12-17 13:25:00+05:30,2025-12-17 13:50:00+05:30,SHORT,401,401,401.0,-0.5614,EMA_SWITCH
2025-12-17 13:50:00+05:30,2025-12-17 13:55:00+05:30,BUY,401,401,400.95001220703125,-0.6113528015136719,EMA_SWITCH
2025-12-17 13:55:00+05:30,2025-12-17 14:15:00+05:30,SHORT,401,401,401.04998779296875,-0.6114227844238281,EMA_SWITCH
2025-12-17 14:15:00+05:30,2025-12-17 14:20:00+05:30,BUY,401,401,400.75,-0.811225,EMA_SWITCH
2025-12-17 14:20:00+05:30,2025-12-17 14:40:00+05:30,SHORT,401,401,400.0,0.4393,TARGET
2025-12-17 14:40:00+05:30,2025-12-17 15:25:00+05:30,SHORT,400,400,400.25,-0.810175,EOD
2025-12-18 09:20:00+05:30,2025-12-18 10:20:00+05:30,BUY,401,401,400.70001220703125,-0.8611778015136718,EMA_SWITCH
2025-12-18 10:20:00+05:30,2025-12-18 10:35:00+05:30,SHORT,401,401,400.79998779296875,-0.3612477844238281,EMA_SWITCH
2025-12-18 10:50:00+05:30,2025-12-18 11:15:00+05:30,BUY,401,401,400.70001220703125,-0.8611778015136718,EMA_SWITCH
2025-12-18 11:25:00+05:30,2025-12-18 11:40:00+05:30,BUY,401,401,400.8500061035156,-0.7112889007568359,EMA_SWITCH
2025-12-18 11:40:00+05:30,2025-12-18 11:50:00+05:30,SHORT,401,401,400.95001220703125,-0.5113772155761719,EMA_SWITCH
2025-12-18 11:55:00+05:30,2025-12-18 13:30:00+05:30,BUY,401,401,400.79998779296875,-0.7612721984863281,EMA_SWITCH
2025-12-18 13:30:00+05:30,2025-12-18 14:50:00+05:30,SHORT,401,401,400.0,0.4393,TARGET
2025-12-18 14:50:00+05:30,2025-12-18 15:20:00+05:30,SHORT,400,400,401.04998779296875,-1.610722784423828,EMA_SWITCH
2025-12-18 15:20:00+05:30,2025-12-18 15:25:00+05:30,BUY,401,401,400.45001220703125,-1.111002801513672,EOD
2025-12-19 09:15:00+05:30,2025-12-19 11:05:00+05:30,BUY,401,401,400.95001220703125,-0.6113528015136719,EMA_SWITCH
2025-12-19 11:05:00+05:30,2025-12-19 11:10:00+05:30,SHORT,401,401,401.0,-0.5614,EMA_SWITCH
2025-12-19 11:10:00+05:30,2025-12-19 11:20:00+05:30,BUY,401,401,400.8500061035156,-0.7112889007568359,EMA_SWITCH
2025-12-19 11:20:00+05:30,2025-12-19 11:45:00+05:30,SHORT,401,401,401.54998779296875,-1.111772784423828,EMA_SWITCH
2025-12-19 11:45:00+05:30,2025-12-19 12:05:00+05:30,BUY,401,401,402.0,0.43789999999999996,TARGET
2025-12-19 12:30:00+05:30,2025-12-19 12:40:00+05:30,BUY,401,401,402.0,0.43789999999999996,TARGET
2025-12-19 12:05:00+05:30,2025-12-19 14:25:00+05:30,BUY,402,402,401.70001220703125,-0.8625778015136719,EMA_SWITCH
2025-12-19 14:25:00+05:30,2025-12-19 15:00:00+05:30,SHORT,402,402,401.0,0.43789999999999996,TARGET
2025-12-19 15:00:00+05:30,2025-12-19 15:25:00+05:30,SHORT,401,401,400.95001220703125,-0.5113772155761719,EOD
2025-12-22 09:15:00+05:30,2025-12-22 09:15:00+05:30,BUY,402,402,403.0,0.4365,TARGET
2025-12-22 09:15:00+05:30,2025-12-22 11:15:00+05:30,BUY,403,403,402.04998779296875,-1.5135471984863282,EMA_SWITCH
2025-12-22 11:15:00+05:30,2025-12-22 11:25:00+05:30,SHORT,402,402,402.6499938964844,-1.213248892211914,EMA_SWITCH
2025-12-22 11:25:00+05:30,2025-12-22 11:50:00+05:30,BUY,402,402,403.0,0.4365,TARGET
2025-12-22 11:50:00+05:30,2025-12-22 14:05:00+05:30,BUY,403,403,402.75,-0.814025,EMA_SWITCH
2025-12-22 14:05:00+05:30,2025-12-22 14:10:00+05:30,SHORT,403,403,403.0,-0.5642,EMA_SWITCH
2025-12-22 14:10:00+05:30,2025-12-22 14:20:00+05:30,BUY,403,403,402.79998779296875,-0.7640721984863281,EMA_SWITCH
2025-12-22 14:20:00+05:30,2025-12-22 14:40:00+05:30,SHORT,403,403,402.95001220703125,-0.5141772155761719,EMA_SWITCH
2025-12-22 14:40:00+05:30,2025-12-22 14:45:00+05:30,BUY,403,403,402.8500061035156,-0.714088900756836,EMA_SWITCH
2025-12-22 14:45:00+05:30,2025-12-22 15:00:00+05:30,SHORT,403,403,402.95001220703125,-0.5141772155761719,EMA_SWITCH
2025-12-22 15:00:00+05:30,2025-12-22 15:05:00+05:30,BUY,403,403,402.70001220703125,-0.8639778015136719,EMA_SWITCH
2025-12-22 15:05:00+05:30,2025-12-22 15:25:00+05:30,SHORT,403,403,402.8999938964844,-0.4641238922119141,EOD
2025-12-23 09:40:00+05:30,2025-12-23 09:55:00+05:30,BUY,403,403,404.0,0.43510000000000004,TARGET
2025-12-23 09:55:00+05:30,2025-12-23 11:00:00+05:30,BUY,404,404,405.0,0.4337,TARGET
2025-12-23 11:00:00+05:30,2025-12-23 14:15:00+05:30,BUY,405,405,406.0,0.4323,TARGET
2025-12-23 14:15:00+05:30,2025-12-23 14:45:00+05:30,BUY,406,406,407.0,0.43090000000000006,TARGET
2025-12-23 14:45:00+05:30,2025-12-23 14:55:00+05:30,BUY,407,407,408.0,0.4295,TARGET
2025-12-23 15:00:00+05:30,2025-12-23 15:00:00+05:30,BUY,407,407,408.0,0.4295,TARGET
2025-12-23 15:05:00+05:30,2025-12-23 15:15:00+05:30,BUY,407,407,408.0,0.4295,TARGET
2025-12-23 14:55:00+05:30,2025-12-23 15:25:00+05:30,BUY,408,408,408.8500061035156,0.2782110992431641,EOD
2025-12-24 09:15:00+05:30,2025-12-24 09:15:00+05:30,BUY,407,407,408.0,0.4295,TARGET
2025-12-24 10:00:00+05:30,2025-12-24 10:10:00+05:30,BUY,407,407,408.0,0.4295,TARGET
2025-12-24 10:55:00+05:30,2025-12-24 11:25:00+05:30,BUY,407,407,408.0,0.4295,TARGET
2025-12-24 09:15:00+05:30,2025-12-24 13:05:00+05:30,BUY,408,408,407.25,-1.320675,EMA_SWITCH
2025-12-24 13:15:00+05:30,2025-12-24 14:35:00+05:30,SHORT,407,407,406.0,0.43090000000000006,TARGET
2025-12-24 14:35:00+05:30,2025-12-24 15:20:00+05:30,SHORT,406,406,406.75,-1.3189250000000001,EMA_SWITCH
2025-12-24 15:20:00+05:30,2025-12-24 15:25:00+05:30,BUY,407,407,406.8999938964844,-0.669736099243164,EOD
2025-12-26 09:15:00+05:30,2025-12-26 09:15:00+05:30,BUY,406,406,407.0,0.43090000000000006,TARGET
2025-12-26 09:15:00+05:30,2025-12-26 09:20:00+05:30,BUY,407,407,406.25,-1.319275,EMA_SWITCH
2025-12-26 09:20:00+05:30,2025-12-26 09:25:00+05:30,SHORT,407,407,406.0,0.43090000000000006,TARGET
2025-12-26 09:25:00+05:30,2025-12-26 09:35:00+05:30,SHORT,406,406,405.0,0.4323,TARGET
2025-12-26 09:35:00+05:30,2025-12-26 13:05:00+05:30,SHORT,405,405,404.0,0.4337,TARGET
2025-12-26 13:05:00+05:30,2025-12-26 15:25:00+05:30,SHORT,404,404,404.3500061035156,-0.915851107788086,EOD
2025-12-29 09:15:00+05:30,2025-12-29 09:20:00+05:30,SHORT,404,404,403.0,0.43510000000000004,TARGET
2025-12-29 09:20:00+05:30,2025-12-29 11:10:00+05:30,SHORT,403,403,402.0,0.4365,TARGET
2025-12-29 11:10:00+05:30,2025-12-29 14:05:00+05:30,SHORT,402,402,402.79998779296875,-1.3633477844238282,EMA_SWITCH
2025-12-29 14:25:00+05:30,2025-12-29 14:50:00+05:30,BUY,403,403,402.6000061035156,-0.9639139007568359,EMA_SWITCH
2025-12-29 14:55:00+05:30,2025-12-29 15:05:00+05:30,SHORT,402,402,402.70001220703125,-1.263302215576172,EMA_SWITCH
2025-12-29 15:20:00+05:30,2025-12-29 15:25:00+05:30,BUY,403,403,402.8999938964844,-0.6641360992431641,EOD
2025-12-30 09:15:00+05:30,2025-12-30 09:20:00+05:30,SHORT,403,403,402.0,0.4365,TARGET
2025-12-30 09:20:00+05:30,2025-12-30 09:55:00+05:30,SHORT,402,402,402.54998779296875,-1.1131727844238282,EMA_SWITCH
2025-12-30 10:25:00+05:30,2025-12-30 11:00:00+05:30,BUY,403,403,402.5,-1.06385,EMA_SWITCH
2025-12-30 11:10:00+05:30,2025-12-30 11:55:00+05:30,SHORT,402,402,401.0,0.43789999999999996,TARGET
2025-12-30 11:55:00+05:30,2025-12-30 13:45:00+05:30,SHORT,401,401,401.8999938964844,-1.462023892211914,EMA_SWITCH
2025-12-30 14:25:00+05:30,2025-12-30 15:25:00+05:30,SHORT,401,401,400.6000061035156,-0.1611261077880859,EOD
2025-12-31 09:15:00+05:30,2025-12-31 11:20:00+05:30,BUY,402,402,403.0,0.4365,TARGET
2025-12-31 11:20:00+05:30,2025-12-31 15:20:00+05:30,BUY,403,403,403.0,-0.5642,EMA_SWITCH
2025-12-31 15:20:00+05:30,2025-12-31 15:25:00+05:30,SHORT,403,403,402.6499938964844,-0.21394889221191404,EOD
2026-01-01 09:15:00+05:30,2026-01-01 09:20:00+05:30,SHORT,395,395,394.0,0.4477,TARGET
2026-01-01 09:15:00+05:30,2026-01-01 09:20:00+05:30,SHORT,396,396,395.0,0.44630000000000003,TARGET
2026-01-01 09:20:00+05:30,2026-01-01 09:25:00+05:30,SHORT,389,389,388.0,0.45610000000000006,TARGET
2026-01-01 09:25:00+05:30,2026-01-01 09:30:00+05:30,SHORT,387,387,386.0,0.4589,TARGET
2026-01-01 09:25:00+05:30,2026-01-01 09:30:00+05:30,SHORT,388,388,387.0,0.4575,TARGET
2026-01-01 09:20:00+05:30,2026-01-01 09:30:00+05:30,SHORT,390,390,389.0,0.4547,TARGET
2026-01-01 09:30:00+05:30,2026-01-01 09:35:00+05:30,SHORT,386,386,385.0,0.46030000000000004,TARGET
2026-01-01 09:30:00+05:30,2026-01-01 09:35:00+05:30,SHORT,387,387,386.0,0.4589,TARGET
2026-01-01 09:30:00+05:30,2026-01-01 09:35:00+05:30,SHORT,388,388,387.0,0.4575,TARGET
2026-01-01 09:30:00+05:30,2026-01-01 09:35:00+05:30,SHORT,389,389,388.0,0.45610000000000006,TARGET
2026-01-01 09:35:00+05:30,2026-01-01 09:40:00+05:30,SHORT,386,386,385.0,0.46030000000000004,TARGET
2026-01-01 09:35:00+05:30,2026-01-01 09:40:00+05:30,SHORT,387,387,386.0,0.4589,TARGET
2026-01-01 09:40:00+05:30,2026-01-01 09:45:00+05:30,SHORT,386,386,385.0,0.46030000000000004,TARGET
2026-01-01 09:35:00+05:30,2026-01-01 09:50:00+05:30,SHORT,385,385,384.0,0.4617,TARGET
2026-01-01 09:50:00+05:30,2026-01-01 09:55:00+05:30,SHORT,383,383,382.0,0.4645,TARGET
2026-01-01 09:50:00+05:30,2026-01-01 09:55:00+05:30,SHORT,384,384,383.0,0.46309999999999996,TARGET
2026-01-01 09:55:00+05:30,2026-01-01 10:00:00+05:30,SHORT,381,381,380.0,0.46730000000000005,TARGET
2026-01-01 09:55:00+05:30,2026-01-01 10:00:00+05:30,SHORT,382,382,381.0,0.4659,TARGET
2026-01-01 10:00:00+05:30,2026-01-01 10:05:00+05:30,SHORT,381,381,380.0,0.46730000000000005,TARGET
2026-01-01 09:55:00+05:30,2026-01-01 10:10:00+05:30,SHORT,380,380,379.0,0.4687,TARGET
2026-01-01 10:05:00+05:30,2026-01-01 10:10:00+05:30,SHORT,381,381,380.0,0.46730000000000005,TARGET
2026-01-01 10:10:00+05:30,2026-01-01 10:15:00+05:30,SHORT,380,380,379.0,0.4687,TARGET
2026-01-01 10:20:00+05:30,2026-01-01 10:25:00+05:30,SHORT,381,381,380.0,0.46730000000000005,TARGET
2026-01-01 10:20:00+05:30,2026-01-01 10:50:00+05:30,SHORT,380,380,379.0,0.4687,TARGET
2026-01-01 10:10:00+05:30,2026-01-01 10:55:00+05:30,SHORT,379,379,378.0,0.47009999999999996,TARGET
2026-01-01 10:55:00+05:30,2026-01-01 11:00:00+05:30,SHORT,377,377,376.0,0.4729,TARGET
2026-01-01 10:55:00+05:30,2026-01-01 11:00:00+05:30,SHORT,378,378,377.0,0.47150000000000003,TARGET
2026-01-01 11:00:00+05:30,2026-01-01 11:05:00+05:30,SHORT,375,375,374.0,0.4757,TARGET
2026-01-01 11:00:00+05:30,2026-01-01 11:05:00+05:30,SHORT,376,376,375.0,0.47430000000000005,TARGET
2026-01-01 11:05:00+05:30,2026-01-01 11:10:00+05:30,SHORT,372,372,371.0,0.4799,TARGET
2026-01-01 11:05:00+05:30,2026-01-01 11:10:00+05:30,SHORT,373,373,372.0,0.47850000000000004,TARGET
2026-01-01 11:10:00+05:30,2026-01-01 11:15:00+05:30,SHORT,371,371,370.0,0.48129999999999995,TARGET
2026-01-01 11:10:00+05:30,2026-01-01 11:15:00+05:30,SHORT,372,372,371.0,0.4799,TARGET
2026-01-01 11:15:00+05:30,2026-01-01 11:25:00+05:30,SHORT,371,371,370.0,0.48129999999999995,TARGET
2026-01-01 11:20:00+05:30,2026-01-01 11:25:00+05:30,SHORT,372,372,371.0,0.4799,TARGET
2026-01-01 11:25:00+05:30,2026-01-01 11:30:00+05:30,SHORT,371,371,370.0,0.48129999999999995,TARGET
2026-01-01 11:15:00+05:30,2026-01-01 11:35:00+05:30,SHORT,370,370,369.0,0.4827,TARGET
2026-01-01 11:30:00+05:30,2026-01-01 11:35:00+05:30,SHORT,371,371,370.0,0.48129999999999995,TARGET
2026-01-01 11:35:00+05:30,2026-01-01 11:40:00+05:30,SHORT,369,369,368.0,0.4841,TARGET
2026-01-01 11:35:00+05:30,2026-01-01 11:40:00+05:30,SHORT,370,370,369.0,0.4827,TARGET
2026-01-01 11:40:00+05:30,2026-01-01 11:45:00+05:30,SHORT,367,367,366.0,0.4869,TARGET
2026-01-01 11:40:00+05:30,2026-01-01 11:50:00+05:30,SHORT,368,368,367.0,0.48550000000000004,TARGET
2026-01-01 11:40:00+05:30,2026-01-01 11:55:00+05:30,SHORT,369,369,368.0,0.4841,TARGET
2026-01-01 11:55:00+05:30,2026-01-01 12:00:00+05:30,SHORT,368,368,367.0,0.48550000000000004,TARGET
2026-01-01 11:45:00+05:30,2026-01-01 12:05:00+05:30,SHORT,366,366,365.0,0.48829999999999996,TARGET
2026-01-01 11:50:00+05:30,2026-01-01 12:05:00+05:30,SHORT,367,367,366.0,0.4869,TARGET
2026-01-01 12:05:00+05:30,2026-01-01 12:10:00+05:30,SHORT,365,365,364.0,0.4897,TARGET
2026-01-01 12:05:00+05:30,2026-01-01 12:10:00+05:30,SHORT,366,366,365.0,0.48829999999999996,TARGET
2026-01-01 12:10:00+05:30,2026-01-01 12:15:00+05:30,SHORT,364,364,363.0,0.4911,TARGET
2026-01-01 12:10:00+05:30,2026-01-01 12:15:00+05:30,SHORT,365,365,364.0,0.4897,TARGET
2026-01-01 12:15:00+05:30,2026-01-01 12:20:00+05:30,SHORT,364,364,363.0,0.4911,TARGET
2026-01-01 12:15:00+05:30,2026-01-01 12:20:00+05:30,SHORT,365,365,364.0,0.4897,TARGET
2026-01-01 12:00:00+05:30,2026-01-01 12:25:00+05:30,SHORT,368,368,367.0,0.48550000000000004,TARGET
2026-01-01 12:30:00+05:30,2026-01-01 12:40:00+05:30,SHORT,368,368,367.0,0.48550000000000004,TARGET
2026-01-01 12:35:00+05:30,2026-01-01 12:40:00+05:30,SHORT,369,369,368.0,0.4841,TARGET
2026-01-01 12:40:00+05:30,2026-01-01 12:45:00+05:30,SHORT,368,368,367.0,0.48550000000000004,TARGET
2026-01-01 12:35:00+05:30,2026-01-01 12:45:00+05:30,SHORT,370,370,369.0,0.4827,TARGET
2026-01-01 12:45:00+05:30,2026-01-01 12:50:00+05:30,SHORT,369,369,368.0,0.4841,TARGET
2026-01-01 12:45:00+05:30,2026-01-01 12:55:00+05:30,SHORT,368,368,367.0,0.48550000000000004,TARGET
2026-01-01 12:50:00+05:30,2026-01-01 13:05:00+05:30,SHORT,369,369,368.0,0.4841,TARGET
2026-01-01 13:05:00+05:30,2026-01-01 13:10:00+05:30,SHORT,369,369,368.0,0.4841,TARGET
2026-01-01 13:05:00+05:30,2026-01-01 13:20:00+05:30,SHORT,368,368,367.0,0.48550000000000004,TARGET
2026-01-01 13:20:00+05:30,2026-01-01 13:25:00+05:30,SHORT,368,368,367.0,0.48550000000000004,TARGET
2026-01-01 13:25:00+05:30,2026-01-01 13:35:00+05:30,SHORT,368,368,367.0,0.48550000000000004,TARGET
2026-01-01 13:35:00+05:30,2026-01-01 13:40:00+05:30,SHORT,368,368,367.0,0.48550000000000004,TARGET
2026-01-01 13:40:00+05:30,2026-01-01 13:55:00+05:30,SHORT,368,368,367.0,0.48550000000000004,TARGET
2026-01-01 12:25:00+05:30,2026-01-01 14:00:00+05:30,SHORT,367,367,366.0,0.4869,TARGET
2026-01-01 14:00:00+05:30,2026-01-01 14:05:00+05:30,SHORT,368,368,367.0,0.48550000000000004,TARGET
2026-01-01 14:00:00+05:30,2026-01-01 14:05:00+05:30,SHORT,369,369,368.0,0.4841,TARGET
2026-01-01 14:05:00+05:30,2026-01-01 14:10:00+05:30,SHORT,368,368,367.0,0.48550000000000004,TARGET
2026-01-01 14:05:00+05:30,2026-01-01 14:10:00+05:30,SHORT,369,369,368.0,0.4841,TARGET
2026-01-01 14:10:00+05:30,2026-01-01 14:15:00+05:30,SHORT,368,368,367.0,0.48550000000000004,TARGET
2026-01-01 14:00:00+05:30,2026-01-01 14:25:00+05:30,SHORT,367,367,366.0,0.4869,TARGET
2026-01-01 12:20:00+05:30,2026-01-01 14:45:00+05:30,SHORT,366,366,365.0,0.48829999999999996,TARGET
2026-01-01 14:30:00+05:30,2026-01-01 14:45:00+05:30,SHORT,367,367,366.0,0.4869,TARGET
2026-01-01 12:20:00+05:30,2026-01-01 14:50:00+05:30,SHORT,365,365,364.0,0.4897,TARGET
2026-01-01 14:45:00+05:30,2026-01-01 14:50:00+05:30,SHORT,366,366,365.0,0.48829999999999996,TARGET
2026-01-01 14:50:00+05:30,2026-01-01 15:05:00+05:30,SHORT,365,365,364.0,0.4897,TARGET
2026-01-01 12:20:00+05:30,2026-01-01 15:10:00+05:30,SHORT,364,364,363.0,0.4911,TARGET
2026-01-01 15:05:00+05:30,2026-01-01 15:20:00+05:30,SHORT,365,365,364.0,0.4897,TARGET
2026-01-01 09:15:00+05:30,2026-01-01 15:25:00+05:30,SHORT,397,397,364.0,32.4673,EOD
2026-01-01 09:15:00+05:30,2026-01-01 15:25:00+05:30,SHORT,398,398,364.0,33.4666,EOD
2026-01-01 09:15:00+05:30,2026-01-01 15:25:00+05:30,SHORT,399,399,364.0,34.4659,EOD
2026-01-01 09:15:00+05:30,2026-01-01 15:25:00+05:30,SHORT,400,400,364.0,35.4652,EOD
2026-01-01 09:15:00+05:30,2026-01-01 15:25:00+05:30,SHORT,401,401,364.0,36.4645,EOD
2026-01-01 09:15:00+05:30,2026-01-01 15:25:00+05:30,SHORT,402,402,364.0,37.4638,EOD
2026-01-01 09:20:00+05:30,2026-01-01 15:25:00+05:30,SHORT,391,391,364.0,26.4715,EOD
2026-01-01 09:20:00+05:30,2026-01-01 15:25:00+05:30,SHORT,392,392,364.0,27.4708,EOD
2026-01-01 09:20:00+05:30,2026-01-01 15:25:00+05:30,SHORT,393,393,364.0,28.4701,EOD
2026-01-01 09:20:00+05:30,2026-01-01 15:25:00+05:30,SHORT,394,394,364.0,29.4694,EOD
2026-01-01 09:20:00+05:30,2026-01-01 15:25:00+05:30,SHORT,395,395,364.0,30.4687,EOD
2026-01-01 09:35:00+05:30,2026-01-01 15:25:00+05:30,SHORT,388,388,364.0,23.4736,EOD
2026-01-01 09:35:00+05:30,2026-01-01 15:25:00+05:30,SHORT,389,389,364.0,24.4729,EOD
2026-01-01 09:50:00+05:30,2026-01-01 15:25:00+05:30,SHORT,385,385,364.0,20.4757,EOD
2026-01-01 09:50:00+05:30,2026-01-01 15:25:00+05:30,SHORT,386,386,364.0,21.475,EOD
2026-01-01 09:55:00+05:30,2026-01-01 15:25:00+05:30,SHORT,383,383,364.0,18.4771,EOD
2026-01-01 10:50:00+05:30,2026-01-01 15:25:00+05:30,SHORT,380,380,364.0,15.4792,EOD
2026-01-01 11:00:00+05:30,2026-01-01 15:25:00+05:30,SHORT,377,377,364.0,12.4813,EOD
2026-01-01 11:05:00+05:30,2026-01-01 15:25:00+05:30,SHORT,374,374,364.0,9.4834,EOD
2026-01-01 11:05:00+05:30,2026-01-01 15:25:00+05:30,SHORT,375,375,364.0,10.4827,EOD
2026-01-01 12:10:00+05:30,2026-01-01 15:25:00+05:30,SHORT,363,363,364.0,-1.5089000000000001,EOD
2026-01-01 14:05:00+05:30,2026-01-01 15:25:00+05:30,SHORT,370,370,364.0,5.4862,EOD
2026-01-01 14:05:00+05:30,2026-01-01 15:25:00+05:30,SHORT,371,371,364.0,6.4855,EOD
2026-01-01 14:05:00+05:30,2026-01-01 15:25:00+05:30,SHORT,372,372,364.0,7.4848,EOD
2026-01-01 15:20:00+05:30,2026-01-01 15:25:00+05:30,SHORT,364,364,364.0,-0.5095999999999999,EOD
2026-01-02 09:15:00+05:30,2026-01-02 09:20:00+05:30,SHORT,348,348,347.0,0.5135000000000001,TARGET
2026-01-02 09:15:00+05:30,2026-01-02 09:20:00+05:30,SHORT,349,349,348.0,0.5121,TARGET
2026-01-02 09:15:00+05:30,2026-01-02 09:20:00+05:30,SHORT,350,350,349.0,0.5106999999999999,TARGET
2026-01-02 09:15:00+05:30,2026-01-02 09:20:00+05:30,SHORT,351,351,350.0,0.5093000000000001,TARGET
2026-01-02 09:15:00+05:30,2026-01-02 09:20:00+05:30,SHORT,352,352,351.0,0.5079,TARGET
2026-01-02 09:20:00+05:30,2026-01-02 09:25:00+05:30,SHORT,351,351,350.0,0.5093000000000001,TARGET
2026-01-02 09:20:00+05:30,2026-01-02 09:30:00+05:30,SHORT,349,349,348.0,0.5121,TARGET
2026-01-02 09:20:00+05:30,2026-01-02 09:30:00+05:30,SHORT,350,350,349.0,0.5106999999999999,TARGET
2026-01-02 09:25:00+05:30,2026-01-02 09:30:00+05:30,SHORT,351,351,350.0,0.5093000000000001,TARGET
2026-01-02 09:20:00+05:30,2026-01-02 09:35:00+05:30,SHORT,348,348,347.0,0.5135000000000001,TARGET
2026-01-02 09:30:00+05:30,2026-01-02 09:35:00+05:30,SHORT,349,349,348.0,0.5121,TARGET
2026-01-02 09:30:00+05:30,2026-01-02 09:40:00+05:30,SHORT,350,350,349.0,0.5106999999999999,TARGET
2026-01-02 09:30:00+05:30,2026-01-02 09:45:00+05:30,SHORT,351,351,350.0,0.5093000000000001,TARGET
2026-01-02 09:45:00+05:30,2026-01-02 10:00:00+05:30,SHORT,350,350,349.0,0.5106999999999999,TARGET
2026-01-02 09:15:00+05:30,2026-01-02 10:20:00+05:30,SHORT,353,353,352.0,0.5065,TARGET
2026-01-02 10:20:00+05:30,2026-01-02 10:25:00+05:30,SHORT,352,352,351.0,0.5079,TARGET
2026-01-02 10:25:00+05:30,2026-01-02 10:30:00+05:30,SHORT,352,352,351.0,0.5079,TARGET
2026-01-02 10:15:00+05:30,2026-01-02 10:40:00+05:30,SHORT,351,351,350.0,0.5093000000000001,TARGET
2026-01-02 10:40:00+05:30,2026-01-02 10:45:00+05:30,SHORT,351,351,350.0,0.5093000000000001,TARGET
2026-01-02 10:15:00+05:30,2026-01-02 11:05:00+05:30,SHORT,350,350,349.0,0.5106999999999999,TARGET
2026-01-02 11:15:00+05:30,2026-01-02 11:30:00+05:30,SHORT,350,350,349.0,0.5106999999999999,TARGET
2026-01-02 11:55:00+05:30,2026-01-02 13:15:00+05:30,SHORT,350,350,349.0,0.5106999999999999,TARGET
2026-01-02 09:15:00+05:30,2026-01-02 15:25:00+05:30,SHORT,346,346,350.1000061035156,-4.587276107788086,EOD
2026-01-02 09:15:00+05:30,2026-01-02 15:25:00+05:30,SHORT,347,347,350.1000061035156,-3.587976107788086,EOD
2026-01-02 09:15:00+05:30,2026-01-02 15:25:00+05:30,SHORT,354,354,350.1000061035156,3.407123892211914,EOD
2026-01-02 09:15:00+05:30,2026-01-02 15:25:00+05:30,SHORT,355,355,350.1000061035156,4.406423892211914,EOD
2026-01-02 09:15:00+05:30,2026-01-02 15:25:00+05:30,SHORT,356,356,350.1000061035156,5.405723892211914,EOD
2026-01-02 09:15:00+05:30,2026-01-02 15:25:00+05:30,SHORT,357,357,350.1000061035156,6.405023892211914,EOD
2026-01-02 09:15:00+05:30,2026-01-02 15:25:00+05:30,SHORT,358,358,350.1000061035156,7.404323892211914,EOD
2026-01-02 09:15:00+05:30,2026-01-02 15:25:00+05:30,SHORT,359,359,350.1000061035156,8.403623892211915,EOD
2026-01-02 09:35:00+05:30,2026-01-02 15:25:00+05:30,SHORT,348,348,350.1000061035156,-2.588676107788086,EOD
2026-01-02 09:40:00+05:30,2026-01-02 15:25:00+05:30,SHORT,349,349,350.1000061035156,-1.589376107788086,EOD
2026-01-02 13:35:00+05:30,2026-01-02 15:25:00+05:30,SHORT,350,350,350.1000061035156,-0.590076107788086,EOD
2026-01-05 09:15:00+05:30,2026-01-05 09:20:00+05:30,SHORT,350,350,349.0,0.5106999999999999,TARGET
2026-01-05 09:15:00+05:30,2026-01-05 09:20:00+05:30,SHORT,351,351,350.0,0.5093000000000001,TARGET
2026-01-05 09:20:00+05:30,2026-01-05 09:25:00+05:30,SHORT,350,350,349.0,0.5106999999999999,TARGET
2026-01-05 09:15:00+05:30,2026-01-05 09:30:00+05:30,SHORT,347,347,351.0,-4.4886,EMA_SWITCH
2026-01-05 09:15:00+05:30,2026-01-05 09:30:00+05:30,SHORT,348,348,351.0,-3.4893,EMA_SWITCH
2026-01-05 09:15:00+05:30,2026-01-05 09:30:00+05:30,SHORT,349,349,351.0,-2.49,EMA_SWITCH
2026-01-05 09:15:00+05:30,2026-01-05 09:30:00+05:30,SHORT,352,352,351.0,0.5079,EMA_SWITCH
2026-01-05 09:30:00+05:30,2026-01-05 09:30:00+05:30,BUY,350,350,351.0,0.5093000000000001,TARGET
2026-01-05 09:30:00+05:30,2026-01-05 09:35:00+05:30,BUY,351,351,352.0,0.5079,TARGET
2026-01-05 09:35:00+05:30,2026-01-05 09:35:00+05:30,BUY,352,352,353.0,0.5065,TARGET
2026-01-05 09:40:00+05:30,2026-01-05 10:05:00+05:30,BUY,352,352,353.0,0.5065,TARGET
2026-01-05 10:20:00+05:30,2026-01-05 10:25:00+05:30,BUY,352,352,353.0,0.5065,TARGET
2026-01-05 09:35:00+05:30,2026-01-05 11:25:00+05:30,BUY,353,353,351.75,-1.743325,EMA_SWITCH
2026-01-05 11:05:00+05:30,2026-01-05 11:25:00+05:30,BUY,352,352,351.75,-0.742625,EMA_SWITCH
2026-01-05 11:25:00+05:30,2026-01-05 11:45:00+05:30,SHORT,352,352,351.0,0.5079,TARGET
2026-01-05 11:45:00+05:30,2026-01-05 12:15:00+05:30,SHORT,351,351,350.0,0.5093000000000001,TARGET
2026-01-05 12:15:00+05:30,2026-01-05 12:40:00+05:30,SHORT,350,350,349.0,0.5106999999999999,TARGET
2026-01-05 12:15:00+05:30,2026-01-05 12:40:00+05:30,SHORT,351,351,350.0,0.5093000000000001,TARGET
2026-01-05 12:40:00+05:30,2026-01-05 12:45:00+05:30,SHORT,350,350,349.0,0.5106999999999999,TARGET
2026-01-05 12:50:00+05:30,2026-01-05 13:00:00+05:30,SHORT,350,350,349.0,0.5106999999999999,TARGET
2026-01-05 12:40:00+05:30,2026-01-05 15:25:00+05:30,SHORT,349,349,349.6000061035156,-1.089026107788086,EOD
2026-01-06 09:15:00+05:30,2026-01-06 09:20:00+05:30,SHORT,350,350,349.0,0.5106999999999999,TARGET
2026-01-06 09:15:00+05:30,2026-01-06 09:25:00+05:30,SHORT,349,349,348.0,0.5121,TARGET
2026-01-06 09:25:00+05:30,2026-01-06 09:30:00+05:30,SHORT,349,349,348.0,0.5121,TARGET
2026-01-06 09:25:00+05:30,2026-01-06 10:00:00+05:30,SHORT,348,348,349.54998779296875,-2.038272784423828,EMA_SWITCH
2026-01-06 09:45:00+05:30,2026-01-06 10:00:00+05:30,SHORT,349,349,349.54998779296875,-1.0389727844238281,EMA_SWITCH
2026-01-06 10:25:00+05:30,2026-01-06 10:40:00+05:30,SHORT,349,349,348.0,0.5121,TARGET
2026-01-06 10:40:00+05:30,2026-01-06 11:00:00+05:30,SHORT,348,348,347.0,0.5135000000000001,TARGET
2026-01-06 11:00:00+05:30,2026-01-06 11:50:00+05:30,SHORT,347,347,346.0,0.5149,TARGET
2026-01-06 11:50:00+05:30,2026-01-06 12:10:00+05:30,SHORT,346,346,345.0,0.5163,TARGET
2026-01-06 12:10:00+05:30,2026-01-06 12:20:00+05:30,SHORT,345,345,344.0,0.5177,TARGET
2026-01-06 12:20:00+05:30,2026-01-06 13:20:00+05:30,SHORT,344,344,343.0,0.5191,TARGET
2026-01-06 13:20:00+05:30,2026-01-06 13:50:00+05:30,SHORT,343,343,342.0,0.5205,TARGET
2026-01-06 13:50:00+05:30,2026-01-06 13:55:00+05:30,SHORT,339,339,338.0,0.5261,TARGET
2026-01-06 13:50:00+05:30,2026-01-06 13:55:00+05:30,SHORT,340,340,339.0,0.5246999999999999,TARGET
2026-01-06 13:50:00+05:30,2026-01-06 13:55:00+05:30,SHORT,341,341,340.0,0.5233,TARGET
2026-01-06 13:50:00+05:30,2026-01-06 13:55:00+05:30,SHORT,342,342,341.0,0.5219,TARGET
2026-01-06 13:55:00+05:30,2026-01-06 14:00:00+05:30,SHORT,340,340,339.0,0.5246999999999999,TARGET
2026-01-06 13:55:00+05:30,2026-01-06 14:00:00+05:30,SHORT,341,341,340.0,0.5233,TARGET
2026-01-06 14:00:00+05:30,2026-01-06 14:05:00+05:30,SHORT,340,340,339.0,0.5246999999999999,TARGET
2026-01-06 13:50:00+05:30,2026-01-06 14:25:00+05:30,SHORT,343,343,342.0,0.5205,TARGET
2026-01-06 14:25:00+05:30,2026-01-06 14:30:00+05:30,SHORT,342,342,341.0,0.5219,TARGET
2026-01-06 14:30:00+05:30,2026-01-06 14:35:00+05:30,SHORT,342,342,341.0,0.5219,TARGET
2026-01-06 14:45:00+05:30,2026-01-06 14:50:00+05:30,SHORT,343,343,342.0,0.5205,TARGET
2026-01-06 13:55:00+05:30,2026-01-06 15:25:00+05:30,SHORT,338,338,343.3500061035156,-5.826951107788086,EOD
2026-01-06 13:55:00+05:30,2026-01-06 15:25:00+05:30,SHORT,339,339,343.3500061035156,-4.8276511077880855,EOD
2026-01-06 14:20:00+05:30,2026-01-06 15:25:00+05:30,SHORT,340,340,343.3500061035156,-3.828351107788086,EOD
2026-01-06 14:20:00+05:30,2026-01-06 15:25:00+05:30,SHORT,341,341,343.3500061035156,-2.8290511077880858,EOD
2026-01-06 14:40:00+05:30,2026-01-06 15:25:00+05:30,SHORT,342,342,343.3500061035156,-1.829751107788086,EOD
2026-01-06 15:15:00+05:30,2026-01-06 15:25:00+05:30,SHORT,343,343,343.3500061035156,-0.830451107788086,EOD
2026-01-07 09:15:00+05:30,2026-01-07 09:15:00+05:30,BUY,342,342,343.0,0.5205,TARGET
2026-01-07 09:15:00+05:30,2026-01-07 09:15:00+05:30,BUY,343,343,344.0,0.5191,TARGET
2026-01-07 09:15:00+05:30,2026-01-07 09:35:00+05:30,BUY,344,344,342.8999938964844,-1.580836099243164,EMA_SWITCH
2026-01-07 09:35:00+05:30,2026-01-07 09:40:00+05:30,SHORT,343,343,342.0,0.5205,TARGET
2026-01-07 09:40:00+05:30,2026-01-07 09:50:00+05:30,SHORT,342,342,343.95001220703125,-2.430177215576172,EMA_SWITCH
2026-01-07 09:40:00+05:30,2026-01-07 09:50:00+05:30,SHORT,343,343,343.95001220703125,-1.4308772155761718,EMA_SWITCH
2026-01-07 09:50:00+05:30,2026-01-07 09:50:00+05:30,BUY,343,343,344.0,0.5191,TARGET
2026-01-07 09:50:00+05:30,2026-01-07 10:20:00+05:30,BUY,344,344,343.5,-0.98125,EMA_SWITCH
2026-01-07 10:20:00+05:30,2026-01-07 10:30:00+05:30,SHORT,344,344,343.0,0.5191,TARGET
2026-01-07 10:30:00+05:30,2026-01-07 11:10:00+05:30,SHORT,343,343,342.0,0.5205,TARGET
2026-01-07 11:10:00+05:30,2026-01-07 11:15:00+05:30,SHORT,343,343,342.0,0.5205,TARGET
2026-01-07 11:10:00+05:30,2026-01-07 12:00:00+05:30,SHORT,342,342,341.0,0.5219,TARGET
2026-01-07 12:00:00+05:30,2026-01-07 12:25:00+05:30,SHORT,341,341,340.0,0.5233,TARGET
2026-01-07 12:25:00+05:30,2026-01-07 14:40:00+05:30,SHORT,340,340,341.29998779296875,-1.776897784423828,EMA_SWITCH
2026-01-07 13:30:00+05:30,2026-01-07 14:40:00+05:30,SHORT,341,341,341.29998779296875,-0.7775977844238281,EMA_SWITCH
2026-01-07 14:40:00+05:30,2026-01-07 14:45:00+05:30,BUY,341,341,341.1499938964844,-0.32751109924316407,EMA_SWITCH
2026-01-07 14:45:00+05:30,2026-01-07 14:50:00+05:30,SHORT,341,341,341.3999938964844,-0.877673892211914,EMA_SWITCH
2026-01-07 15:15:00+05:30,2026-01-07 15:25:00+05:30,SHORT,341,341,341.95001220703125,-1.4280772155761718,EOD
2026-01-08 09:15:00+05:30,2026-01-08 09:15:00+05:30,BUY,341,341,342.0,0.5219,TARGET
2026-01-08 09:20:00+05:30,2026-01-08 09:20:00+05:30,BUY,341,341,342.0,0.5219,TARGET
2026-01-08 09:15:00+05:30,2026-01-08 09:25:00+05:30,BUY,342,342,340.70001220703125,-1.7778778015136718,EMA_SWITCH
2026-01-08 09:25:00+05:30,2026-01-08 09:35:00+05:30,SHORT,341,341,340.0,0.5233,TARGET
2026-01-08 09:40:00+05:30,2026-01-08 10:10:00+05:30,SHORT,341,341,340.0,0.5233,TARGET
2026-01-08 09:35:00+05:30,2026-01-08 10:55:00+05:30,SHORT,340,340,340.8999938964844,-1.376623892211914,EMA_SWITCH
2026-01-08 11:00:00+05:30,2026-01-08 11:00:00+05:30,BUY,341,341,342.0,0.5219,TARGET
2026-01-08 11:00:00+05:30,2026-01-08 11:05:00+05:30,BUY,342,342,343.0,0.5205,TARGET
2026-01-08 11:05:00+05:30,2026-01-08 11:05:00+05:30,BUY,343,343,344.0,0.5191,TARGET
2026-01-08 11:15:00+05:30,2026-01-08 11:15:00+05:30,BUY,343,343,344.0,0.5191,TARGET
2026-01-08 11:20:00+05:30,2026-01-08 11:20:00+05:30,BUY,342,342,343.0,0.5205,TARGET
2026-01-08 11:05:00+05:30,2026-01-08 11:45:00+05:30,BUY,344,344,340.5,-3.97915,EMA_SWITCH
2026-01-08 11:20:00+05:30,2026-01-08 11:45:00+05:30,BUY,343,343,340.5,-2.97845,EMA_SWITCH
2026-01-08 11:25:00+05:30,2026-01-08 11:45:00+05:30,BUY,342,342,340.5,-1.97775,EMA_SWITCH
2026-01-08 11:45:00+05:30,2026-01-08 11:50:00+05:30,SHORT,342,342,341.0,0.5219,TARGET
2026-01-08 11:45:00+05:30,2026-01-08 12:30:00+05:30,SHORT,341,341,340.0,0.5233,TARGET
2026-01-08 12:30:00+05:30,2026-01-08 13:30:00+05:30,SHORT,340,340,341.70001220703125,-2.177202215576172,EMA_SWITCH
2026-01-08 13:30:00+05:30,2026-01-08 13:35:00+05:30,BUY,341,341,342.0,0.5219,TARGET
2026-01-08 13:40:00+05:30,2026-01-08 13:45:00+05:30,BUY,341,341,342.0,0.5219,TARGET
2026-01-08 13:35:00+05:30,2026-01-08 14:20:00+05:30,BUY,342,342,340.8999938964844,-1.5780360992431641,EMA_SWITCH
2026-01-08 14:10:00+05:30,2026-01-08 14:20:00+05:30,BUY,341,341,340.8999938964844,-0.577336099243164,EMA_SWITCH
2026-01-08 14:20:00+05:30,2026-01-08 14:40:00+05:30,SHORT,341,341,341.0,-0.4774,EMA_SWITCH
2026-01-08 14:40:00+05:30,2026-01-08 15:15:00+05:30,BUY,341,341,340.6000061035156,-0.8771139007568359,EMA_SWITCH
2026-01-08 15:15:00+05:30,2026-01-08 15:25:00+05:30,SHORT,341,341,340.5,0.022950000000000026,EOD
2026-01-09 09:15:00+05:30,2026-01-09 09:35:00+05:30,SHORT,340,340,339.0,0.5246999999999999,TARGET
2026-01-09 09:40:00+05:30,2026-01-09 10:50:00+05:30,SHORT,340,340,339.0,0.5246999999999999,TARGET
2026-01-09 09:35:00+05:30,2026-01-09 11:00:00+05:30,SHORT,339,339,338.0,0.5261,TARGET
2026-01-09 11:00:00+05:30,2026-01-09 12:10:00+05:30,SHORT,338,338,337.0,0.5275000000000001,TARGET
2026-01-09 12:10:00+05:30,2026-01-09 13:35:00+05:30,SHORT,337,337,338.6000061035156,-2.072926107788086,EMA_SWITCH
2026-01-09 13:25:00+05:30,2026-01-09 13:35:00+05:30,SHORT,338,338,338.6000061035156,-1.073626107788086,EMA_SWITCH
2026-01-09 13:35:00+05:30,2026-01-09 13:40:00+05:30,BUY,338,338,338.20001220703125,-0.27332780151367186,EMA_SWITCH
2026-01-09 13:40:00+05:30,2026-01-09 14:00:00+05:30,SHORT,338,338,337.0,0.5275000000000001,TARGET
2026-01-09 14:00:00+05:30,2026-01-09 15:20:00+05:30,SHORT,337,337,337.95001220703125,-1.4224772155761718,EMA_SWITCH
2026-01-12 09:15:00+05:30,2026-01-12 09:15:00+05:30,BUY,338,338,339.0,0.5261,TARGET
2026-01-12 09:15:00+05:30,2026-01-12 09:20:00+05:30,BUY,339,339,337.6000061035156,-1.873613900756836,EMA_SWITCH
2026-01-12 09:20:00+05:30,2026-01-12 09:25:00+05:30,SHORT,338,338,337.0,0.5275000000000001,TARGET
2026-01-12 09:25:00+05:30,2026-01-12 09:55:00+05:30,SHORT,337,337,338.04998779296875,-1.522522784423828,EMA_SWITCH
2026-01-12 09:55:00+05:30,2026-01-12 11:00:00+05:30,BUY,338,338,337.6499938964844,-0.8229610992431641,EMA_SWITCH
2026-01-12 11:00:00+05:30,2026-01-12 11:10:00+05:30,SHORT,338,338,337.79998779296875,-0.2730477844238281,EMA_SWITCH
2026-01-12 11:15:00+05:30,2026-01-12 11:30:00+05:30,SHORT,337,337,336.0,0.5288999999999999,TARGET
2026-01-12 11:30:00+05:30,2026-01-12 12:20:00+05:30,SHORT,336,336,338.0,-2.4718,EMA_SWITCH
2026-01-12 12:15:00+05:30,2026-01-12 12:20:00+05:30,SHORT,337,337,338.0,-1.4725,EMA_SWITCH
2026-01-12 12:20:00+05:30,2026-01-12 12:55:00+05:30,BUY,338,338,339.0,0.5261,TARGET
2026-01-12 13:10:00+05:30,2026-01-12 13:30:00+05:30,BUY,338,338,339.0,0.5261,TARGET
2026-01-12 12:55:00+05:30,2026-01-12 15:25:00+05:30,BUY,339,339,338.29998779296875,-1.1741221984863282,EOD
2026-01-13 09:15:00+05:30,2026-01-13 09:15:00+05:30,BUY,338,338,339.0,0.5261,TARGET
2026-01-13 09:15:00+05:30,2026-01-13 09:35:00+05:30,BUY,339,339,338.0,-1.4739,EMA_SWITCH
2026-01-13 09:35:00+05:30,2026-01-13 09:45:00+05:30,SHORT,338,338,338.5,-0.9735499999999999,EMA_SWITCH
2026-01-13 09:55:00+05:30,2026-01-13 10:40:00+05:30,SHORT,338,338,337.0,0.5275000000000001,TARGET
2026-01-13 10:40:00+05:30,2026-01-13 11:00:00+05:30,SHORT,337,337,336.0,0.5288999999999999,TARGET
2026-01-13 11:00:00+05:30,2026-01-13 12:00:00+05:30,SHORT,336,336,335.0,0.5303,TARGET
2026-01-13 12:00:00+05:30,2026-01-13 12:45:00+05:30,SHORT,335,335,334.0,0.5317000000000001,TARGET
2026-01-13 12:45:00+05:30,2026-01-13 15:25:00+05:30,SHORT,334,334,334.70001220703125,-1.1681022155761718,EOD
2026-01-13 14:45:00+05:30,2026-01-13 15:25:00+05:30,SHORT,335,335,334.70001220703125,-0.16880221557617187,EOD
2026-01-14 09:15:00+05:30,2026-01-14 09:50:00+05:30,SHORT,334,334,335.0,-1.4683,EMA_SWITCH
2026-01-14 09:15:00+05:30,2026-01-14 09:50:00+05:30,SHORT,335,335,335.0,-0.469,EMA_SWITCH
2026-01-14 09:50:00+05:30,2026-01-14 10:05:00+05:30,BUY,335,335,334.79998779296875,-0.6688721984863282,EMA_SWITCH
2026-01-14 10:05:00+05:30,2026-01-14 10:35:00+05:30,SHORT,335,335,334.0,0.5317000000000001,TARGET
2026-01-14 10:35:00+05:30,2026-01-14 10:45:00+05:30,SHORT,334,334,335.0,-1.4683,EMA_SWITCH
2026-01-14 10:45:00+05:30,2026-01-14 11:10:00+05:30,BUY,335,335,334.75,-0.718825,EMA_SWITCH
2026-01-14 11:10:00+05:30,2026-01-14 11:15:00+05:30,SHORT,335,335,334.95001220703125,-0.41897721557617185,EMA_SWITCH
2026-01-14 11:15:00+05:30,2026-01-14 11:20:00+05:30,BUY,335,335,334.79998779296875,-0.6688721984863282,EMA_SWITCH
2026-01-14 11:20:00+05:30,2026-01-14 11:30:00+05:30,SHORT,335,335,334.95001220703125,-0.41897721557617185,EMA_SWITCH
2026-01-14 11:30:00+05:30,2026-01-14 12:20:00+05:30,BUY,335,335,336.0,0.5303,TARGET
2026-01-14 12:20:00+05:30,2026-01-14 12:40:00+05:30,BUY,336,336,335.20001220703125,-1.269827801513672,EMA_SWITCH
2026-01-14 13:00:00+05:30,2026-01-14 14:40:00+05:30,SHORT,335,335,335.0,-0.469,EMA_SWITCH
2026-01-14 14:40:00+05:30,2026-01-14 14:45:00+05:30,BUY,335,335,334.8999938964844,-0.568936099243164,EMA_SWITCH
2026-01-14 14:45:00+05:30,2026-01-14 15:15:00+05:30,SHORT,335,335,334.95001220703125,-0.41897721557617185,EMA_SWITCH
2026-01-14 15:20:00+05:30,2026-01-14 15:25:00+05:30,SHORT,335,335,334.8500061035156,-0.31890110778808595,EOD
2026-01-16 09:15:00+05:30,2026-01-16 09:15:00+05:30,BUY,336,336,337.0,0.5288999999999999,TARGET
2026-01-16 09:15:00+05:30,2026-01-16 09:20:00+05:30,BUY,337,337,334.75,-2.720225,EMA_SWITCH
2026-01-16 09:20:00+05:30,2026-01-16 09:30:00+05:30,SHORT,335,335,334.0,0.5317000000000001,TARGET
2026-01-16 09:30:00+05:30,2026-01-16 10:40:00+05:30,SHORT,334,334,333.0,0.5331,TARGET
2026-01-16 10:40:00+05:30,2026-01-16 11:00:00+05:30,SHORT,333,333,332.0,0.5345,TARGET
2026-01-16 11:00:00+05:30,2026-01-16 11:25:00+05:30,SHORT,332,332,331.0,0.5359,TARGET
2026-01-16 11:25:00+05:30,2026-01-16 12:30:00+05:30,SHORT,331,331,330.0,0.5373,TARGET
2026-01-16 12:30:00+05:30,2026-01-16 14:50:00+05:30,SHORT,330,330,329.0,0.5387,TARGET
2026-01-16 14:50:00+05:30,2026-01-16 15:25:00+05:30,SHORT,329,329,328.95001220703125,-0.4105772155761719,EOD
2026-01-19 09:15:00+05:30,2026-01-19 09:40:00+05:30,SHORT,328,328,330.70001220703125,-3.1611022155761717,EMA_SWITCH
2026-01-19 09:15:00+05:30,2026-01-19 09:40:00+05:30,SHORT,329,329,330.70001220703125,-2.161802215576172,EMA_SWITCH
2026-01-19 09:15:00+05:30,2026-01-19 09:40:00+05:30,SHORT,330,330,330.70001220703125,-1.162502215576172,EMA_SWITCH
2026-01-19 09:40:00+05:30,2026-01-19 09:45:00+05:30,BUY,330,330,331.0,0.5373,TARGET
2026-01-19 09:45:00+05:30,2026-01-19 09:50:00+05:30,BUY,331,331,330.1499938964844,-1.312811099243164,EMA_SWITCH
2026-01-19 11:15:00+05:30,2026-01-19 11:15:00+05:30,BUY,330,330,331.0,0.5373,TARGET
2026-01-19 09:55:00+05:30,2026-01-19 11:25:00+05:30,BUY,331,331,330.70001220703125,-0.7631778015136719,EMA_SWITCH
2026-01-19 11:25:00+05:30,2026-01-19 11:35:00+05:30,SHORT,331,331,330.8999938964844,-0.3633238922119141,EMA_SWITCH
2026-01-19 11:40:00+05:30,2026-01-19 11:55:00+05:30,BUY,331,331,330.3500061035156,-1.112938900756836,EMA_SWITCH
2026-01-19 11:55:00+05:30,2026-01-19 12:15:00+05:30,SHORT,331,331,330.8500061035156,-0.31330110778808595,EMA_SWITCH
2026-01-19 12:50:00+05:30,2026-01-19 12:55:00+05:30,BUY,331,331,332.0,0.5359,TARGET
2026-01-19 12:55:00+05:30,2026-01-19 13:30:00+05:30,BUY,332,332,333.0,0.5345,TARGET
2026-01-19 13:30:00+05:30,2026-01-19 13:45:00+05:30,BUY,333,333,334.0,0.5331,TARGET
2026-01-19 13:45:00+05:30,2026-01-19 15:20:00+05:30,BUY,334,334,332.70001220703125,-1.766677801513672,EMA_SWITCH
2026-01-19 15:10:00+05:30,2026-01-19 15:20:00+05:30,BUY,333,333,332.70001220703125,-0.7659778015136719,EMA_SWITCH
2026-01-20 09:15:00+05:30,2026-01-20 09:20:00+05:30,SHORT,332,332,334.0,-2.4662,EMA_SWITCH
2026-01-20 09:15:00+05:30,2026-01-20 09:20:00+05:30,SHORT,333,333,334.0,-1.4668999999999999,EMA_SWITCH
2026-01-20 09:15:00+05:30,2026-01-20 09:20:00+05:30,SHORT,334,334,334.0,-0.4676,EMA_SWITCH
2026-01-20 09:20:00+05:30,2026-01-20 09:20:00+05:30,BUY,332,332,333.0,0.5345,TARGET
2026-01-20 09:20:00+05:30,2026-01-20 09:20:00+05:30,BUY,333,333,334.0,0.5331,TARGET
2026-01-20 09:30:00+05:30,2026-01-20 09:30:00+05:30,BUY,333,333,334.0,0.5331,TARGET
2026-01-20 09:20:00+05:30,2026-01-20 09:50:00+05:30,BUY,334,334,332.70001220703125,-1.766677801513672,EMA_SWITCH
2026-01-20 09:45:00+05:30,2026-01-20 09:50:00+05:30,BUY,333,333,332.70001220703125,-0.7659778015136719,EMA_SWITCH
2026-01-20 09:50:00+05:30,2026-01-20 09:55:00+05:30,SHORT,333,333,332.0,0.5345,TARGET
2026-01-20 09:55:00+05:30,2026-01-20 10:00:00+05:30,SHORT,333,333,332.0,0.5345,TARGET
2026-01-20 09:55:00+05:30,2026-01-20 10:30:00+05:30,SHORT,332,332,332.6499938964844,-1.115248892211914,EMA_SWITCH
2026-01-20 10:30:00+05:30,2026-01-20 10:35:00+05:30,BUY,332,332,333.0,0.5345,TARGET
2026-01-20 10:35:00+05:30,2026-01-20 11:00:00+05:30,BUY,333,333,332.45001220703125,-1.0158028015136717,EMA_SWITCH
2026-01-20 11:00:00+05:30,2026-01-20 11:05:00+05:30,SHORT,333,333,332.0,0.5345,TARGET
2026-01-20 11:05:00+05:30,2026-01-20 12:00:00+05:30,SHORT,332,332,331.0,0.5359,TARGET
2026-01-20 12:00:00+05:30,2026-01-20 12:45:00+05:30,SHORT,331,331,330.0,0.5373,TARGET
2026-01-20 12:55:00+05:30,2026-01-20 13:20:00+05:30,SHORT,331,331,330.0,0.5373,TARGET
2026-01-20 12:45:00+05:30,2026-01-20 14:05:00+05:30,SHORT,330,330,329.0,0.5387,TARGET
2026-01-20 14:05:00+05:30,2026-01-20 14:35:00+05:30,SHORT,329,329,328.0,0.5401,TARGET
2026-01-20 14:35:00+05:30,2026-01-20 14:45:00+05:30,SHORT,329,329,328.0,0.5401,TARGET
2026-01-20 14:35:00+05:30,2026-01-20 15:00:00+05:30,SHORT,328,328,327.0,0.5415,TARGET
2026-01-20 15:00:00+05:30,2026-01-20 15:10:00+05:30,SHORT,327,327,326.0,0.5428999999999999,TARGET
2026-01-20 15:10:00+05:30,2026-01-20 15:25:00+05:30,SHORT,326,326,326.20001220703125,-0.6565522155761718,EOD
2026-01-21 09:15:00+05:30,2026-01-21 09:20:00+05:30,SHORT,329,329,328.0,0.5401,TARGET
2026-01-21 09:15:00+05:30,2026-01-21 09:35:00+05:30,SHORT,328,328,327.0,0.5415,TARGET
2026-01-21 09:35:00+05:30,2026-01-21 09:40:00+05:30,SHORT,328,328,327.0,0.5415,TARGET
2026-01-21 09:40:00+05:30,2026-01-21 09:50:00+05:30,SHORT,328,328,327.0,0.5415,TARGET
2026-01-21 09:55:00+05:30,2026-01-21 10:20:00+05:30,SHORT,328,328,327.0,0.5415,TARGET
2026-01-21 10:20:00+05:30,2026-01-21 10:25:00+05:30,SHORT,328,328,327.0,0.5415,TARGET
2026-01-21 09:15:00+05:30,2026-01-21 10:40:00+05:30,SHORT,327,327,326.0,0.5428999999999999,TARGET
2026-01-21 09:15:00+05:30,2026-01-21 10:55:00+05:30,SHORT,326,326,325.0,0.5443,TARGET
2026-01-21 10:55:00+05:30,2026-01-21 12:45:00+05:30,SHORT,325,325,326.6000061035156,-2.056126107788086,EMA_SWITCH
2026-01-21 12:35:00+05:30,2026-01-21 12:45:00+05:30,SHORT,326,326,326.6000061035156,-1.056826107788086,EMA_SWITCH
2026-01-21 12:50:00+05:30,2026-01-21 13:15:00+05:30,BUY,327,327,326.5,-0.9574499999999999,EMA_SWITCH
2026-01-21 13:30:00+05:30,2026-01-21 14:15:00+05:30,SHORT,326,326,325.0,0.5443,TARGET
2026-01-21 14:15:00+05:30,2026-01-21 15:25:00+05:30,SHORT,325,325,325.0,-0.455,EOD
2026-01-22 09:15:00+05:30,2026-01-22 09:15:00+05:30,BUY,326,326,327.0,0.5428999999999999,TARGET
2026-01-22 09:15:00+05:30,2026-01-22 09:30:00+05:30,BUY,327,327,328.0,0.5415,TARGET
2026-01-22 10:00:00+05:30,2026-01-22 10:00:00+05:30,BUY,327,327,328.0,0.5415,TARGET
2026-01-22 10:05:00+05:30,2026-01-22 10:05:00+05:30,BUY,327,327,328.0,0.5415,TARGET
2026-01-22 09:30:00+05:30,2026-01-22 10:55:00+05:30,BUY,328,328,326.29998779296875,-2.158022198486328,EMA_SWITCH
2026-01-22 10:30:00+05:30,2026-01-22 10:55:00+05:30,BUY,327,327,326.29998779296875,-1.157322198486328,EMA_SWITCH
2026-01-22 10:55:00+05:30,2026-01-22 11:05:00+05:30,SHORT,327,327,326.0,0.5428999999999999,TARGET
2026-01-22 11:05:00+05:30,2026-01-22 13:10:00+05:30,SHORT,326,326,325.0,0.5443,TARGET
2026-01-22 13:10:00+05:30,2026-01-22 13:15:00+05:30,SHORT,325,325,324.0,0.5457000000000001,TARGET
2026-01-22 13:15:00+05:30,2026-01-22 13:20:00+05:30,SHORT,324,324,323.0,0.5471,TARGET
2026-01-22 13:15:00+05:30,2026-01-22 13:25:00+05:30,SHORT,323,323,322.0,0.5485,TARGET
2026-01-22 13:25:00+05:30,2026-01-22 13:30:00+05:30,SHORT,323,323,322.0,0.5485,TARGET
2026-01-22 13:10:00+05:30,2026-01-22 13:55:00+05:30,SHORT,326,326,325.0,0.5443,TARGET
2026-01-22 13:55:00+05:30,2026-01-22 14:05:00+05:30,SHORT,325,325,324.0,0.5457000000000001,TARGET
2026-01-22 13:15:00+05:30,2026-01-22 14:30:00+05:30,SHORT,322,322,325.3500061035156,-3.8031511077880857,EMA_SWITCH
2026-01-22 13:30:00+05:30,2026-01-22 14:30:00+05:30,SHORT,323,323,325.3500061035156,-2.803851107788086,EMA_SWITCH
2026-01-22 13:55:00+05:30,2026-01-22 14:30:00+05:30,SHORT,324,324,325.3500061035156,-1.804551107788086,EMA_SWITCH
2026-01-22 14:30:00+05:30,2026-01-22 14:30:00+05:30,BUY,324,324,325.0,0.5457000000000001,TARGET
2026-01-22 14:30:00+05:30,2026-01-22 14:50:00+05:30,BUY,325,325,324.79998779296875,-0.6548721984863282,EMA_SWITCH
2026-01-22 14:50:00+05:30,2026-01-22 14:55:00+05:30,SHORT,325,325,325.1499938964844,-0.605098892211914,EMA_SWITCH
2026-01-22 14:55:00+05:30,2026-01-22 15:00:00+05:30,BUY,325,325,324.0,-1.4543,EMA_SWITCH
2026-01-22 15:00:00+05:30,2026-01-22 15:10:00+05:30,SHORT,324,324,324.95001220703125,-1.4042772155761718,EMA_SWITCH
2026-01-22 15:15:00+05:30,2026-01-22 15:25:00+05:30,BUY,325,325,325.6000061035156,0.14458609924316407,EOD
2026-01-23 09:15:00+05:30,2026-01-23 09:20:00+05:30,SHORT,324,324,325.5,-1.95465,EMA_SWITCH
2026-01-23 09:15:00+05:30,2026-01-23 09:20:00+05:30,SHORT,325,325,325.5,-0.9553499999999999,EMA_SWITCH
2026-01-23 09:20:00+05:30,2026-01-23 09:30:00+05:30,BUY,325,325,326.0,0.5443,TARGET
2026-01-23 09:30:00+05:30,2026-01-23 09:35:00+05:30,BUY,326,326,324.8500061035156,-1.6055889007568358,EMA_SWITCH
2026-01-23 09:35:00+05:30,2026-01-23 09:45:00+05:30,SHORT,325,325,325.1499938964844,-0.605098892211914,EMA_SWITCH
2026-01-23 09:45:00+05:30,2026-01-23 09:50:00+05:30,BUY,325,325,324.8999938964844,-0.554936099243164,EMA_SWITCH
2026-01-23 09:50:00+05:30,2026-01-23 09:55:00+05:30,SHORT,325,325,325.75,-1.205525,EMA_SWITCH
2026-01-23 09:55:00+05:30,2026-01-23 09:55:00+05:30,BUY,325,325,326.0,0.5443,TARGET
2026-01-23 09:55:00+05:30,2026-01-23 10:50:00+05:30,BUY,326,326,325.25,-1.205875,EMA_SWITCH
2026-01-23 10:50:00+05:30,2026-01-23 10:55:00+05:30,SHORT,326,326,325.0,0.5443,TARGET
2026-01-23 10:55:00+05:30,2026-01-23 11:25:00+05:30,SHORT,325,325,325.29998779296875,-0.7551977844238281,EMA_SWITCH
2026-01-23 11:25:00+05:30,2026-01-23 11:35:00+05:30,BUY,325,325,324.8500061035156,-0.6048889007568359,EMA_SWITCH
2026-01-23 11:35:00+05:30,2026-01-23 11:50:00+05:30,SHORT,325,325,325.20001220703125,-0.6551522155761719,EMA_SWITCH
2026-01-23 11:50:00+05:30,2026-01-23 12:05:00+05:30,BUY,325,325,324.95001220703125,-0.504952801513672,EMA_SWITCH
2026-01-23 12:05:00+05:30,2026-01-23 13:05:00+05:30,SHORT,325,325,325.20001220703125,-0.6551522155761719,EMA_SWITCH
2026-01-23 13:05:00+05:30,2026-01-23 13:15:00+05:30,BUY,325,325,324.8999938964844,-0.554936099243164,EMA_SWITCH
2026-01-23 13:15:00+05:30,2026-01-23 13:30:00+05:30,SHORT,325,325,324.0,0.5457000000000001,TARGET
2026-01-23 13:30:00+05:30,2026-01-23 13:55:00+05:30,SHORT,324,324,323.0,0.5471,TARGET
2026-01-23 13:55:00+05:30,2026-01-23 15:25:00+05:30,SHORT,323,323,323.20001220703125,-0.6523522155761718,EOD
2026-01-23 14:50:00+05:30,2026-01-23 15:25:00+05:30,SHORT,324,324,323.20001220703125,0.3469477844238281,EOD
2026-01-27 09:15:00+05:30,2026-01-27 09:20:00+05:30,SHORT,323,323,322.0,0.5485,TARGET
2026-01-27 09:15:00+05:30,2026-01-27 09:35:00+05:30,SHORT,324,324,323.0,0.5471,TARGET
2026-01-27 09:20:00+05:30,2026-01-27 09:45:00+05:30,SHORT,322,322,324.20001220703125,-2.6523522155761716,EMA_SWITCH
2026-01-27 09:35:00+05:30,2026-01-27 09:45:00+05:30,SHORT,323,323,324.20001220703125,-1.6530522155761718,EMA_SWITCH
2026-01-27 09:45:00+05:30,2026-01-27 09:55:00+05:30,BUY,324,324,322.8500061035156,-1.6027889007568359,EMA_SWITCH
2026-01-27 09:55:00+05:30,2026-01-27 10:00:00+05:30,SHORT,324,324,323.0,0.5471,TARGET
2026-01-27 09:55:00+05:30,2026-01-27 10:15:00+05:30,SHORT,323,323,323.79998779296875,-1.2527477844238282,EMA_SWITCH
2026-01-27 10:15:00+05:30,2026-01-27 10:20:00+05:30,BUY,323,323,323.45001220703125,-0.0025028015136718818,EMA_SWITCH
2026-01-27 10:30:00+05:30,2026-01-27 10:50:00+05:30,SHORT,323,323,322.0,0.5485,TARGET
2026-01-27 10:50:00+05:30,2026-01-27 11:40:00+05:30,SHORT,322,322,323.3500061035156,-1.801751107788086,EMA_SWITCH
2026-01-27 11:40:00+05:30,2026-01-27 11:45:00+05:30,BUY,323,323,322.3500061035156,-1.101738900756836,EMA_SWITCH
2026-01-27 11:45:00+05:30,2026-01-27 12:10:00+05:30,SHORT,322,322,323.0,-1.4515,EMA_SWITCH
2026-01-27 11:45:00+05:30,2026-01-27 12:10:00+05:30,SHORT,323,323,323.0,-0.4522,EMA_SWITCH
2026-01-27 12:10:00+05:30,2026-01-27 12:15:00+05:30,BUY,323,323,322.6000061035156,-0.8519139007568359,EMA_SWITCH
2026-01-27 12:15:00+05:30,2026-01-27 12:20:00+05:30,SHORT,323,323,322.0,0.5485,TARGET
2026-01-27 12:20:00+05:30,2026-01-27 13:20:00+05:30,SHORT,322,322,321.0,0.5499,TARGET
2026-01-27 13:20:00+05:30,2026-01-27 13:35:00+05:30,SHORT,321,321,320.0,0.5513,TARGET
2026-01-27 13:35:00+05:30,2026-01-27 14:05:00+05:30,SHORT,320,320,319.0,0.5527,TARGET
2026-01-27 14:05:00+05:30,2026-01-27 14:40:00+05:30,SHORT,319,319,318.0,0.5541,TARGET
2026-01-27 14:40:00+05:30,2026-01-27 14:45:00+05:30,SHORT,319,319,318.0,0.5541,TARGET
2026-01-27 14:45:00+05:30,2026-01-27 14:50:00+05:30,SHORT,319,319,318.0,0.5541,TARGET
2026-01-27 14:55:00+05:30,2026-01-27 15:20:00+05:30,SHORT,319,319,318.0,0.5541,TARGET
2026-01-27 14:40:00+05:30,2026-01-27 15:25:00+05:30,SHORT,318,318,319.79998779296875,-2.246447784423828,EOD
2026-01-27 15:20:00+05:30,2026-01-27 15:25:00+05:30,SHORT,319,319,319.79998779296875,-1.2471477844238281,EOD
2026-01-28 09:15:00+05:30,2026-01-28 09:15:00+05:30,BUY,320,320,321.0,0.5513,TARGET
2026-01-28 09:15:00+05:30,2026-01-28 09:15:00+05:30,BUY,321,321,322.0,0.5499,TARGET
2026-01-28 09:15:00+05:30,2026-01-28 09:15:00+05:30,BUY,322,322,323.0,0.5485,TARGET
2026-01-28 09:20:00+05:30,2026-01-28 09:25:00+05:30,BUY,322,322,323.0,0.5485,TARGET
2026-01-28 09:30:00+05:30,2026-01-28 09:40:00+05:30,BUY,322,322,323.0,0.5485,TARGET
2026-01-28 10:05:00+05:30,2026-01-28 10:05:00+05:30,BUY,321,321,322.0,0.5499,TARGET
2026-01-28 09:15:00+05:30,2026-01-28 10:10:00+05:30,BUY,323,323,320.0,-3.4501,EMA_SWITCH
2026-01-28 09:45:00+05:30,2026-01-28 10:10:00+05:30,BUY,322,322,320.0,-2.4494,EMA_SWITCH
2026-01-28 10:10:00+05:30,2026-01-28 10:15:00+05:30,SHORT,321,321,320.0,0.5513,TARGET
2026-01-28 10:10:00+05:30,2026-01-28 10:50:00+05:30,SHORT,320,320,321.1499938964844,-1.598798892211914,EMA_SWITCH
2026-01-28 10:50:00+05:30,2026-01-28 10:50:00+05:30,BUY,320,320,321.0,0.5513,TARGET
2026-01-28 10:50:00+05:30,2026-01-28 11:05:00+05:30,BUY,321,321,322.0,0.5499,TARGET
2026-01-28 11:05:00+05:30,2026-01-28 11:45:00+05:30,BUY,322,322,320.75,-1.699925,EMA_SWITCH
2026-01-28 11:40:00+05:30,2026-01-28 11:45:00+05:30,BUY,321,321,320.75,-0.699225,EMA_SWITCH
2026-01-28 11:45:00+05:30,2026-01-28 11:55:00+05:30,SHORT,321,321,321.1000061035156,-0.5494761077880859,EMA_SWITCH
2026-01-28 11:55:00+05:30,2026-01-28 12:05:00+05:30,BUY,321,321,320.95001220703125,-0.4993528015136719,EMA_SWITCH
2026-01-28 12:05:00+05:30,2026-01-28 12:40:00+05:30,SHORT,321,321,320.0,0.5513,TARGET
2026-01-28 12:40:00+05:30,2026-01-28 14:50:00+05:30,SHORT,320,320,321.45001220703125,-1.8990272155761718,EMA_SWITCH
2026-01-28 14:50:00+05:30,2026-01-28 14:50:00+05:30,BUY,320,320,321.0,0.5513,TARGET
2026-01-28 14:50:00+05:30,2026-01-28 15:25:00+05:30,BUY,321,321,321.3999938964844,-0.049686099243164084,EOD
2026-01-29 09:15:00+05:30,2026-01-29 09:15:00+05:30,BUY,320,320,321.0,0.5513,TARGET
2026-01-29 09:15:00+05:30,2026-01-29 09:15:00+05:30,BUY,321,321,322.0,0.5499,TARGET
2026-01-29 09:15:00+05:30,2026-01-29 09:20:00+05:30,BUY,322,322,320.5,-1.9497499999999999,EMA_SWITCH
2026-01-29 09:20:00+05:30,2026-01-29 09:35:00+05:30,SHORT,321,321,320.0,0.5513,TARGET
2026-01-29 09:35:00+05:30,2026-01-29 09:40:00+05:30,SHORT,320,320,319.0,0.5527,TARGET
2026-01-29 09:40:00+05:30,2026-01-29 14:20:00+05:30,SHORT,319,319,319.04998779296875,-0.4966227844238281,EMA_SWITCH
2026-01-29 14:20:00+05:30,2026-01-29 15:00:00+05:30,BUY,319,319,318.6000061035156,-0.8463139007568359,EMA_SWITCH
2026-01-29 15:00:00+05:30,2026-01-29 15:25:00+05:30,SHORT,319,319,318.79998779296875,-0.24644778442382814,EOD
2026-01-30 09:15:00+05:30,2026-01-30 09:15:00+05:30,BUY,317,317,318.0,0.5555,TARGET
2026-01-30 09:15:00+05:30,2026-01-30 09:15:00+05:30,BUY,318,318,319.0,0.5541,TARGET
2026-01-30 09:15:00+05:30,2026-01-30 09:15:00+05:30,BUY,319,319,320.0,0.5527,TARGET
2026-01-30 09:20:00+05:30,2026-01-30 09:20:00+05:30,BUY,319,319,320.0,0.5527,TARGET
2026-01-30 09:15:00+05:30,2026-01-30 09:25:00+05:30,BUY,320,320,321.0,0.5513,TARGET
2026-01-30 09:25:00+05:30,2026-01-30 09:35:00+05:30,BUY,321,321,322.0,0.5499,TARGET
2026-01-30 09:40:00+05:30,2026-01-30 09:50:00+05:30,BUY,321,321,322.0,0.5499,TARGET
2026-01-30 09:35:00+05:30,2026-01-30 10:00:00+05:30,BUY,322,322,323.0,0.5485,TARGET
2026-01-30 10:00:00+05:30,2026-01-30 10:00:00+05:30,BUY,323,323,324.0,0.5471,TARGET
2026-01-30 10:00:00+05:30,2026-01-30 10:05:00+05:30,BUY,324,324,325.0,0.5457000000000001,TARGET
2026-01-30 10:10:00+05:30,2026-01-30 10:10:00+05:30,BUY,324,324,325.0,0.5457000000000001,TARGET
2026-01-30 10:15:00+05:30,2026-01-30 10:15:00+05:30,BUY,323,323,324.0,0.5471,TARGET
2026-01-30 10:05:00+05:30,2026-01-30 11:05:00+05:30,BUY,325,325,320.5,-4.95185,EMA_SWITCH
2026-01-30 10:15:00+05:30,2026-01-30 11:05:00+05:30,BUY,324,324,320.5,-3.95115,EMA_SWITCH
2026-01-30 10:20:00+05:30,2026-01-30 11:05:00+05:30,BUY,323,323,320.5,-2.95045,EMA_SWITCH
2026-01-30 10:25:00+05:30,2026-01-30 11:05:00+05:30,BUY,322,322,320.5,-1.9497499999999999,EMA_SWITCH
2026-01-30 11:05:00+05:30,2026-01-30 11:15:00+05:30,SHORT,321,321,320.0,0.5513,TARGET
2026-01-30 11:05:00+05:30,2026-01-30 11:35:00+05:30,SHORT,320,320,321.1000061035156,-1.548776107788086,EMA_SWITCH
2026-01-30 11:35:00+05:30,2026-01-30 11:40:00+05:30,BUY,321,321,320.5,-0.94905,EMA_SWITCH
2026-01-30 11:40:00+05:30,2026-01-30 12:00:00+05:30,SHORT,321,321,320.0,0.5513,TARGET
2026-01-30 12:00:00+05:30,2026-01-30 12:10:00+05:30,SHORT,320,320,320.79998779296875,-1.2485477844238282,EMA_SWITCH
2026-01-30 12:20:00+05:30,2026-01-30 13:15:00+05:30,BUY,321,321,320.6000061035156,-0.849113900756836,EMA_SWITCH
2026-01-30 13:15:00+05:30,2026-01-30 13:25:00+05:30,SHORT,321,321,321.1000061035156,-0.5494761077880859,EMA_SWITCH
2026-01-30 13:25:00+05:30,2026-01-30 13:40:00+05:30,BUY,321,321,322.0,0.5499,TARGET
2026-01-30 13:40:00+05:30,2026-01-30 13:55:00+05:30,BUY,322,322,323.0,0.5485,TARGET
2026-01-30 14:00:00+05:30,2026-01-30 14:00:00+05:30,BUY,319,319,320.0,0.5527,TARGET
2026-01-30 14:00:00+05:30,2026-01-30 14:00:00+05:30,BUY,320,320,321.0,0.5513,TARGET
2026-01-30 14:00:00+05:30,2026-01-30 14:00:00+05:30,BUY,321,321,322.0,0.5499,TARGET
2026-01-30 14:00:00+05:30,2026-01-30 14:00:00+05:30,BUY,322,322,323.0,0.5485,TARGET
2026-01-30 13:55:00+05:30,2026-01-30 15:25:00+05:30,BUY,323,323,322.1499938964844,-1.301611099243164,EOD
2026-01-30 14:30:00+05:30,2026-01-30 15:25:00+05:30,BUY,322,322,322.1499938964844,-0.30091109924316406,EOD
2026-02-03 09:15:00+05:30,2026-02-03 09:20:00+05:30,SHORT,317,317,316.0,0.5569,TARGET
2026-02-03 09:15:00+05:30,2026-02-03 09:20:00+05:30,SHORT,318,318,317.0,0.5555,TARGET
2026-02-03 09:15:00+05:30,2026-02-03 09:20:00+05:30,SHORT,319,319,318.0,0.5541,TARGET
2026-02-03 09:20:00+05:30,2026-02-03 09:25:00+05:30,SHORT,315,315,314.0,0.5597000000000001,TARGET
2026-02-03 09:20:00+05:30,2026-02-03 09:25:00+05:30,SHORT,316,316,315.0,0.5583,TARGET
2026-02-03 09:25:00+05:30,2026-02-03 09:30:00+05:30,SHORT,314,314,313.0,0.5610999999999999,TARGET
2026-02-03 09:25:00+05:30,2026-02-03 09:35:00+05:30,SHORT,313,313,312.0,0.5625,TARGET
2026-02-03 09:25:00+05:30,2026-02-03 09:45:00+05:30,SHORT,315,315,314.0,0.5597000000000001,TARGET
2026-02-03 09:45:00+05:30,2026-02-03 09:55:00+05:30,SHORT,314,314,313.0,0.5610999999999999,TARGET
2026-02-03 10:25:00+05:30,2026-02-03 10:50:00+05:30,SHORT,315,315,314.0,0.5597000000000001,TARGET
2026-02-03 09:20:00+05:30,2026-02-03 11:30:00+05:30,SHORT,317,317,316.0,0.5569,TARGET
2026-02-03 09:15:00+05:30,2026-02-03 13:20:00+05:30,SHORT,320,320,316.79998779296875,2.7542522155761717,EMA_SWITCH
2026-02-03 09:15:00+05:30,2026-02-03 13:20:00+05:30,SHORT,321,321,316.79998779296875,3.753552215576172,EMA_SWITCH
2026-02-03 09:15:00+05:30,2026-02-03 13:20:00+05:30,SHORT,322,322,316.79998779296875,4.752852215576172,EMA_SWITCH
2026-02-03 09:15:00+05:30,2026-02-03 13:20:00+05:30,SHORT,323,323,316.79998779296875,5.752152215576172,EMA_SWITCH
2026-02-03 09:20:00+05:30,2026-02-03 13:20:00+05:30,SHORT,318,318,316.79998779296875,0.7556522155761719,EMA_SWITCH
2026-02-03 09:35:00+05:30,2026-02-03 13:20:00+05:30,SHORT,312,312,316.79998779296875,-5.2401477844238284,EMA_SWITCH
2026-02-03 09:35:00+05:30,2026-02-03 13:20:00+05:30,SHORT,313,313,316.79998779296875,-4.240847784423828,EMA_SWITCH
2026-02-03 10:20:00+05:30,2026-02-03 13:20:00+05:30,SHORT,314,314,316.79998779296875,-3.2415477844238283,EMA_SWITCH
2026-02-03 11:00:00+05:30,2026-02-03 13:20:00+05:30,SHORT,315,315,316.79998779296875,-2.242247784423828,EMA_SWITCH
2026-02-03 11:30:00+05:30,2026-02-03 13:20:00+05:30,SHORT,316,316,316.79998779296875,-1.2429477844238281,EMA_SWITCH
2026-02-03 13:30:00+05:30,2026-02-03 13:45:00+05:30,BUY,317,317,318.0,0.5555,TARGET
2026-02-03 13:55:00+05:30,2026-02-03 14:45:00+05:30,BUY,317,317,318.0,0.5555,TARGET
2026-02-03 13:45:00+05:30,2026-02-03 15:00:00+05:30,BUY,318,318,316.79998779296875,-1.644372198486328,EMA_SWITCH
2026-02-03 15:00:00+05:30,2026-02-03 15:15:00+05:30,SHORT,317,317,316.95001220703125,-0.39377721557617185,EMA_SWITCH
2026-02-03 15:15:00+05:30,2026-02-03 15:15:00+05:30,BUY,316,316,317.0,0.5569,TARGET
2026-02-03 15:15:00+05:30,2026-02-03 15:25:00+05:30,BUY,317,317,317.0,-0.4438,EOD
2026-02-04 09:15:00+05:30,2026-02-04 09:35:00+05:30,SHORT,314,314,313.0,0.5610999999999999,TARGET
2026-02-04 09:35:00+05:30,2026-02-04 11:15:00+05:30,SHORT,314,314,313.0,0.5610999999999999,TARGET
2026-02-04 09:15:00+05:30,2026-02-04 14:15:00+05:30,SHORT,312,312,313.75,-2.188025,EMA_SWITCH
2026-02-04 09:15:00+05:30,2026-02-04 14:15:00+05:30,SHORT,313,313,313.75,-1.188725,EMA_SWITCH
2026-02-04 14:25:00+05:30,2026-02-04 15:10:00+05:30,BUY,314,314,313.6499938964844,-0.7893610992431641,EMA_SWITCH
2026-02-04 15:15:00+05:30,2026-02-04 15:25:00+05:30,BUY,314,314,313.8500061035156,-0.5894889007568359,EOD
2026-02-05 09:15:00+05:30,2026-02-05 09:15:00+05:30,BUY,313,313,314.0,0.5610999999999999,TARGET
2026-02-05 09:15:00+05:30,2026-02-05 09:15:00+05:30,BUY,314,314,315.0,0.5597000000000001,TARGET
2026-02-05 09:15:00+05:30,2026-02-05 09:20:00+05:30,BUY,315,315,313.45001220703125,-1.989902801513672,EMA_SWITCH
2026-02-05 09:20:00+05:30,2026-02-05 09:30:00+05:30,SHORT,314,314,314.1000061035156,-0.539676107788086,EMA_SWITCH
2026-02-05 09:30:00+05:30,2026-02-05 09:35:00+05:30,BUY,314,314,313.0,-1.4389,EMA_SWITCH
2026-02-05 09:35:00+05:30,2026-02-05 09:40:00+05:30,SHORT,314,314,313.0,0.5610999999999999,TARGET
2026-02-05 09:35:00+05:30,2026-02-05 10:00:00+05:30,SHORT,313,313,312.0,0.5625,TARGET
2026-02-05 10:00:00+05:30,2026-02-05 10:45:00+05:30,SHORT,312,312,311.0,0.5639000000000001,TARGET
2026-02-05 10:45:00+05:30,2026-02-05 11:20:00+05:30,SHORT,311,311,310.0,0.5653,TARGET
2026-02-05 11:20:00+05:30,2026-02-05 11:25:00+05:30,SHORT,311,311,310.0,0.5653,TARGET
2026-02-05 11:20:00+05:30,2026-02-05 14:40:00+05:30,SHORT,310,310,310.6499938964844,-1.084448892211914,EMA_SWITCH
2026-02-05 15:10:00+05:30,2026-02-05 15:25:00+05:30,SHORT,310,310,310.1000061035156,-0.534076107788086,EOD
2026-02-06 09:25:00+05:30,2026-02-06 10:15:00+05:30,SHORT,309,309,310.29998779296875,-1.7334977844238282,EMA_SWITCH
2026-02-06 10:15:00+05:30,2026-02-06 10:25:00+05:30,BUY,310,310,311.0,0.5653,TARGET
2026-02-06 10:25:00+05:30,2026-02-06 10:30:00+05:30,BUY,311,311,312.0,0.5639000000000001,TARGET
2026-02-06 10:30:00+05:30,2026-02-06 10:35:00+05:30,BUY,312,312,313.0,0.5625,TARGET
2026-02-06 10:35:00+05:30,2026-02-06 10:35:00+05:30,BUY,313,313,314.0,0.5610999999999999,TARGET
2026-02-06 10:35:00+05:30,2026-02-06 10:35:00+05:30,BUY,314,314,315.0,0.5597000000000001,TARGET
2026-02-06 10:35:00+05:30,2026-02-06 10:45:00+05:30,BUY,315,315,316.0,0.5583,TARGET
2026-02-06 10:55:00+05:30,2026-02-06 10:55:00+05:30,BUY,315,315,316.0,0.5583,TARGET
2026-02-06 10:45:00+05:30,2026-02-06 11:00:00+05:30,BUY,316,316,317.0,0.5569,TARGET
2026-02-06 11:00:00+05:30,2026-02-06 11:10:00+05:30,BUY,317,317,318.0,0.5555,TARGET
2026-02-06 11:10:00+05:30,2026-02-06 11:10:00+05:30,BUY,318,318,319.0,0.5541,TARGET
2026-02-06 11:10:00+05:30,2026-02-06 11:10:00+05:30,BUY,319,319,320.0,0.5527,TARGET
2026-02-06 11:10:00+05:30,2026-02-06 11:15:00+05:30,BUY,320,320,321.0,0.5513,TARGET
2026-02-06 11:20:00+05:30,2026-02-06 11:25:00+05:30,BUY,320,320,321.0,0.5513,TARGET
2026-02-06 11:15:00+05:30,2026-02-06 11:30:00+05:30,BUY,321,321,322.0,0.5499,TARGET
2026-02-06 11:30:00+05:30,2026-02-06 11:35:00+05:30,BUY,322,322,323.0,0.5485,TARGET
2026-02-06 11:35:00+05:30,2026-02-06 11:35:00+05:30,BUY,323,323,324.0,0.5471,TARGET
2026-02-06 11:35:00+05:30,2026-02-06 11:35:00+05:30,BUY,324,324,325.0,0.5457000000000001,TARGET
2026-02-06 11:35:00+05:30,2026-02-06 11:40:00+05:30,BUY,325,325,326.0,0.5443,TARGET
2026-02-06 11:40:00+05:30,2026-02-06 11:45:00+05:30,BUY,326,326,327.0,0.5428999999999999,TARGET
2026-02-06 11:55:00+05:30,2026-02-06 11:55:00+05:30,BUY,326,326,327.0,0.5428999999999999,TARGET
2026-02-06 12:05:00+05:30,2026-02-06 12:05:00+05:30,BUY,325,325,326.0,0.5443,TARGET
2026-02-06 12:10:00+05:30,2026-02-06 12:10:00+05:30,BUY,324,324,325.0,0.5457000000000001,TARGET
2026-02-06 12:10:00+05:30,2026-02-06 12:15:00+05:30,BUY,325,325,326.0,0.5443,TARGET
2026-02-06 12:00:00+05:30,2026-02-06 12:20:00+05:30,BUY,326,326,327.0,0.5428999999999999,TARGET
2026-02-06 12:55:00+05:30,2026-02-06 12:55:00+05:30,BUY,324,324,325.0,0.5457000000000001,TARGET
2026-02-06 12:30:00+05:30,2026-02-06 13:15:00+05:30,BUY,325,325,326.0,0.5443,TARGET
2026-02-06 13:30:00+05:30,2026-02-06 13:35:00+05:30,BUY,324,324,325.0,0.5457000000000001,TARGET
2026-02-06 13:35:00+05:30,2026-02-06 13:45:00+05:30,BUY,325,325,326.0,0.5443,TARGET
2026-02-06 14:00:00+05:30,2026-02-06 14:00:00+05:30,BUY,324,324,325.0,0.5457000000000001,TARGET
2026-02-06 14:20:00+05:30,2026-02-06 14:30:00+05:30,BUY,323,323,324.0,0.5471,TARGET
2026-02-06 14:05:00+05:30,2026-02-06 14:40:00+05:30,BUY,324,324,325.0,0.5457000000000001,TARGET
2026-02-06 14:45:00+05:30,2026-02-06 15:05:00+05:30,BUY,324,324,325.0,0.5457000000000001,TARGET
2026-02-06 13:55:00+05:30,2026-02-06 15:15:00+05:30,BUY,325,325,326.0,0.5443,TARGET
2026-02-06 11:45:00+05:30,2026-02-06 15:25:00+05:30,BUY,327,327,326.3500061035156,-1.107338900756836,EOD
2026-02-06 12:25:00+05:30,2026-02-06 15:25:00+05:30,BUY,326,326,326.3500061035156,-0.10663890075683591,EOD
2026-02-09 09:15:00+05:30,2026-02-09 09:15:00+05:30,BUY,325,325,326.0,0.5443,TARGET
2026-02-09 09:15:00+05:30,2026-02-09 09:15:00+05:30,BUY,326,326,327.0,0.5428999999999999,TARGET
2026-02-09 09:20:00+05:30,2026-02-09 09:20:00+05:30,BUY,324,324,325.0,0.5457000000000001,TARGET
2026-02-09 09:25:00+05:30,2026-02-09 09:25:00+05:30,BUY,324,324,325.0,0.5457000000000001,TARGET
2026-02-09 09:30:00+05:30,2026-02-09 09:30:00+05:30,BUY,323,323,324.0,0.5471,TARGET
2026-02-09 09:15:00+05:30,2026-02-09 09:35:00+05:30,BUY,327,327,323.1499938964844,-4.305111099243164,EMA_SWITCH
2026-02-09 09:20:00+05:30,2026-02-09 09:35:00+05:30,BUY,325,325,323.1499938964844,-2.303711099243164,EMA_SWITCH
2026-02-09 09:30:00+05:30,2026-02-09 09:35:00+05:30,BUY,324,324,323.1499938964844,-1.303011099243164,EMA_SWITCH
2026-02-09 09:35:00+05:30,2026-02-09 09:40:00+05:30,SHORT,323,323,324.0,-1.4529,EMA_SWITCH
2026-02-09 09:40:00+05:30,2026-02-09 09:45:00+05:30,BUY,324,324,325.0,0.5457000000000001,TARGET
2026-02-09 09:55:00+05:30,2026-02-09 09:55:00+05:30,BUY,324,324,325.0,0.5457000000000001,TARGET
2026-02-09 09:45:00+05:30,2026-02-09 10:25:00+05:30,BUY,325,325,323.29998779296875,-2.153822198486328,EMA_SWITCH
2026-02-09 10:00:00+05:30,2026-02-09 10:25:00+05:30,BUY,324,324,323.29998779296875,-1.153122198486328,EMA_SWITCH
2026-02-09 10:30:00+05:30,2026-02-09 10:50:00+05:30,SHORT,323,323,322.0,0.5485,TARGET
2026-02-09 10:50:00+05:30,2026-02-09 11:20:00+05:30,SHORT,322,322,323.3999938964844,-1.851773892211914,EMA_SWITCH
2026-02-09 10:55:00+05:30,2026-02-09 11:20:00+05:30,SHORT,323,323,323.3999938964844,-0.852473892211914,EMA_SWITCH
2026-02-09 11:20:00+05:30,2026-02-09 11:30:00+05:30,BUY,323,323,322.3999938964844,-1.051786099243164,EMA_SWITCH
2026-02-09 11:30:00+05:30,2026-02-09 12:20:00+05:30,SHORT,323,323,323.54998779296875,-1.0025727844238281,EMA_SWITCH
2026-02-09 12:20:00+05:30,2026-02-09 12:25:00+05:30,BUY,323,323,323.1499938964844,-0.30231109924316407,EMA_SWITCH
2026-02-09 12:30:00+05:30,2026-02-09 12:55:00+05:30,SHORT,323,323,323.8500061035156,-1.3028011077880859,EMA_SWITCH
2026-02-09 12:55:00+05:30,2026-02-09 13:00:00+05:30,BUY,323,323,324.0,0.5471,TARGET
2026-02-09 13:00:00+05:30,2026-02-09 13:40:00+05:30,BUY,324,324,323.1000061035156,-1.352963900756836,EMA_SWITCH
2026-02-09 13:45:00+05:30,2026-02-09 14:25:00+05:30,SHORT,323,323,323.25,-0.702375,EMA_SWITCH
2026-02-09 14:25:00+05:30,2026-02-09 14:30:00+05:30,BUY,323,323,323.1000061035156,-0.35226390075683595,EMA_SWITCH
2026-02-09 14:30:00+05:30,2026-02-09 15:10:00+05:30,SHORT,323,323,323.54998779296875,-1.0025727844238281,EMA_SWITCH
2026-02-09 15:10:00+05:30,2026-02-09 15:15:00+05:30,BUY,323,323,322.95001220703125,-0.5021528015136718,EMA_SWITCH
2026-02-09 15:15:00+05:30,2026-02-09 15:25:00+05:30,SHORT,323,323,322.70001220703125,-0.15200221557617188,EOD
2026-02-10 09:15:00+05:30,2026-02-10 09:30:00+05:30,SHORT,323,323,323.1000061035156,-0.552276107788086,EMA_SWITCH
2026-02-10 09:30:00+05:30,2026-02-10 09:35:00+05:30,BUY,323,323,322.45001220703125,-1.001802801513672,EMA_SWITCH
2026-02-10 09:35:00+05:30,2026-02-10 09:50:00+05:30,SHORT,323,323,322.0,0.5485,TARGET
2026-02-10 09:50:00+05:30,2026-02-10 11:25:00+05:30,SHORT,322,322,321.0,0.5499,TARGET
2026-02-10 11:25:00+05:30,2026-02-10 11:45:00+05:30,SHORT,321,321,322.29998779296875,-1.750297784423828,EMA_SWITCH
2026-02-10 11:35:00+05:30,2026-02-10 11:45:00+05:30,SHORT,322,322,322.29998779296875,-0.7509977844238281,EMA_SWITCH
2026-02-10 11:45:00+05:30,2026-02-10 11:55:00+05:30,BUY,322,322,322.1000061035156,-0.35086390075683593,EMA_SWITCH
2026-02-10 11:55:00+05:30,2026-02-10 12:30:00+05:30,SHORT,322,322,322.25,-0.700975,EMA_SWITCH
2026-02-10 12:30:00+05:30,2026-02-10 13:20:00+05:30,BUY,322,322,321.3999938964844,-1.050386099243164,EMA_SWITCH
2026-02-10 13:20:00+05:30,2026-02-10 13:30:00+05:30,SHORT,322,322,321.0,0.5499,TARGET
2026-02-10 13:30:00+05:30,2026-02-10 15:25:00+05:30,SHORT,321,321,321.25,-0.6995750000000001,EOD
2026-02-11 09:15:00+05:30,2026-02-11 09:35:00+05:30,SHORT,321,321,320.0,0.5513,TARGET
2026-02-11 09:35:00+05:30,2026-02-11 10:00:00+05:30,SHORT,320,320,319.0,0.5527,TARGET
2026-02-11 10:00:00+05:30,2026-02-11 12:05:00+05:30,SHORT,319,319,318.0,0.5541,TARGET
2026-02-11 12:05:00+05:30,2026-02-11 12:40:00+05:30,SHORT,318,318,317.0,0.5555,TARGET
2026-02-11 12:40:00+05:30,2026-02-11 14:10:00+05:30,SHORT,317,317,318.45001220703125,-1.8948272155761718,EMA_SWITCH
2026-02-11 13:45:00+05:30,2026-02-11 14:10:00+05:30,SHORT,318,318,318.45001220703125,-0.8955272155761719,EMA_SWITCH
2026-02-11 14:30:00+05:30,2026-02-11 15:00:00+05:30,BUY,319,319,318.45001220703125,-0.9962028015136719,EMA_SWITCH
2026-02-11 15:00:00+05:30,2026-02-11 15:10:00+05:30,SHORT,319,319,318.0,0.5541,TARGET
2026-02-11 15:10:00+05:30,2026-02-11 15:25:00+05:30,SHORT,318,318,318.1000061035156,-0.5452761077880859,EOD
2026-02-12 09:15:00+05:30,2026-02-12 09:15:00+05:30,BUY,318,318,319.0,0.5541,TARGET
2026-02-12 09:15:00+05:30,2026-02-12 09:35:00+05:30,BUY,319,319,318.25,-1.196075,EMA_SWITCH
2026-02-12 09:35:00+05:30,2026-02-12 09:40:00+05:30,SHORT,319,319,318.0,0.5541,TARGET
2026-02-12 09:40:00+05:30,2026-02-12 12:25:00+05:30,SHORT,318,318,317.95001220703125,-0.39517721557617186,EMA_SWITCH
2026-02-12 12:30:00+05:30,2026-02-12 12:45:00+05:30,BUY,318,318,319.0,0.5541,TARGET
2026-02-12 12:45:00+05:30,2026-02-12 13:30:00+05:30,BUY,319,319,320.0,0.5527,TARGET
2026-02-12 13:30:00+05:30,2026-02-12 14:30:00+05:30,BUY,320,320,318.3500061035156,-2.0968389007568358,EMA_SWITCH
2026-02-12 14:30:00+05:30,2026-02-12 14:35:00+05:30,SHORT,319,319,318.0,0.5541,TARGET
2026-02-12 14:35:00+05:30,2026-02-12 15:15:00+05:30,SHORT,318,318,317.0,0.5555,TARGET
2026-02-12 15:15:00+05:30,2026-02-12 15:25:00+05:30,SHORT,317,317,317.3999938964844,-0.844073892211914,EOD
2026-02-13 09:15:00+05:30,2026-02-13 09:20:00+05:30,SHORT,318,318,317.0,0.5555,TARGET
2026-02-13 09:15:00+05:30,2026-02-13 09:40:00+05:30,SHORT,317,317,316.0,0.5569,TARGET
2026-02-13 10:00:00+05:30,2026-02-13 10:25:00+05:30,SHORT,317,317,316.0,0.5569,TARGET
2026-02-13 09:15:00+05:30,2026-02-13 12:45:00+05:30,SHORT,316,316,315.0,0.5583,TARGET
2026-02-13 12:45:00+05:30,2026-02-13 14:30:00+05:30,SHORT,315,315,314.0,0.5597000000000001,TARGET
2026-02-13 14:30:00+05:30,2026-02-13 15:25:00+05:30,SHORT,314,314,313.6000061035156,-0.03932610778808593,EOD
2026-02-16 09:15:00+05:30,2026-02-16 09:30:00+05:30,SHORT,314,314,315.04998779296875,-1.490322784423828,EMA_SWITCH
2026-02-16 09:30:00+05:30,2026-02-16 09:35:00+05:30,BUY,315,315,314.79998779296875,-0.6408721984863281,EMA_SWITCH
2026-02-16 09:35:00+05:30,2026-02-16 09:55:00+05:30,SHORT,315,315,315.3500061035156,-0.7912511077880859,EMA_SWITCH
2026-02-16 09:55:00+05:30,2026-02-16 10:35:00+05:30,BUY,315,315,316.0,0.5583,TARGET
2026-02-16 10:35:00+05:30,2026-02-16 11:05:00+05:30,BUY,316,316,317.0,0.5569,TARGET
2026-02-16 11:05:00+05:30,2026-02-16 11:35:00+05:30,BUY,317,317,318.0,0.5555,TARGET
2026-02-16 11:35:00+05:30,2026-02-16 12:50:00+05:30,BUY,318,318,316.20001220703125,-2.2439278015136717,EMA_SWITCH
2026-02-16 12:10:00+05:30,2026-02-16 12:50:00+05:30,BUY,317,317,316.20001220703125,-1.243227801513672,EMA_SWITCH
2026-02-16 12:55:00+05:30,2026-02-16 13:05:00+05:30,SHORT,316,316,316.8500061035156,-1.2930011077880859,EMA_SWITCH
2026-02-16 13:05:00+05:30,2026-02-16 13:10:00+05:30,BUY,316,316,317.0,0.5569,TARGET
2026-02-16 13:10:00+05:30,2026-02-16 13:30:00+05:30,BUY,317,317,318.0,0.5555,TARGET
2026-02-16 13:30:00+05:30,2026-02-16 15:25:00+05:30,BUY,318,318,318.0,-0.4452,EOD
2026-02-17 09:15:00+05:30,2026-02-17 09:20:00+05:30,BUY,319,319,320.0,0.5527,TARGET
2026-02-17 09:20:00+05:30,2026-02-17 09:25:00+05:30,BUY,320,320,321.0,0.5513,TARGET
2026-02-17 09:30:00+05:30,2026-02-17 09:30:00+05:30,BUY,320,320,321.0,0.5513,TARGET
2026-02-17 09:25:00+05:30,2026-02-17 09:35:00+05:30,BUY,321,321,322.0,0.5499,TARGET
2026-02-17 09:35:00+05:30,2026-02-17 09:40:00+05:30,BUY,322,322,323.0,0.5485,TARGET
2026-02-17 09:40:00+05:30,2026-02-17 09:45:00+05:30,BUY,323,323,324.0,0.5471,TARGET
2026-02-17 09:45:00+05:30,2026-02-17 09:50:00+05:30,BUY,324,324,325.0,0.5457000000000001,TARGET
2026-02-17 09:50:00+05:30,2026-02-17 09:55:00+05:30,BUY,325,325,326.0,0.5443,TARGET
2026-02-17 09:55:00+05:30,2026-02-17 10:05:00+05:30,BUY,326,326,327.0,0.5428999999999999,TARGET
2026-02-17 11:05:00+05:30,2026-02-17 11:25:00+05:30,BUY,324,324,325.0,0.5457000000000001,TARGET
2026-02-17 10:55:00+05:30,2026-02-17 11:45:00+05:30,BUY,325,325,326.0,0.5443,TARGET
2026-02-17 12:10:00+05:30,2026-02-17 13:45:00+05:30,BUY,325,325,326.0,0.5443,TARGET
2026-02-17 10:05:00+05:30,2026-02-17 15:25:00+05:30,BUY,327,327,325.04998779296875,-2.4064471984863283,EOD
2026-02-17 10:10:00+05:30,2026-02-17 15:25:00+05:30,BUY,326,326,325.04998779296875,-1.4057471984863281,EOD
2026-02-17 14:10:00+05:30,2026-02-17 15:25:00+05:30,BUY,325,325,325.04998779296875,-0.40504719848632814,EOD
2026-02-18 09:15:00+05:30,2026-02-18 09:15:00+05:30,BUY,326,326,327.0,0.5428999999999999,TARGET
2026-02-18 09:15:00+05:30,2026-02-18 09:20:00+05:30,BUY,327,327,328.0,0.5415,TARGET
2026-02-18 09:20:00+05:30,2026-02-18 09:35:00+05:30,BUY,328,328,329.0,0.5401,TARGET
2026-02-18 09:35:00+05:30,2026-02-18 09:55:00+05:30,BUY,329,329,330.0,0.5387,TARGET
2026-02-18 10:20:00+05:30,2026-02-18 10:20:00+05:30,BUY,329,329,330.0,0.5387,TARGET
2026-02-18 10:35:00+05:30,2026-02-18 10:45:00+05:30,BUY,328,328,329.0,0.5401,TARGET
2026-02-18 10:50:00+05:30,2026-02-18 10:55:00+05:30,BUY,328,328,329.0,0.5401,TARGET
2026-02-18 10:25:00+05:30,2026-02-18 11:05:00+05:30,BUY,329,329,330.0,0.5387,TARGET
2026-02-18 09:55:00+05:30,2026-02-18 11:25:00+05:30,BUY,330,330,331.0,0.5373,TARGET
2026-02-18 11:35:00+05:30,2026-02-18 12:20:00+05:30,BUY,330,330,331.0,0.5373,TARGET
2026-02-18 11:25:00+05:30,2026-02-18 14:20:00+05:30,BUY,331,331,332.0,0.5359,TARGET
2026-02-18 14:20:00+05:30,2026-02-18 15:25:00+05:30,BUY,332,332,332.6000061035156,0.1347860992431641,EOD
2026-02-19 09:15:00+05:30,2026-02-19 09:15:00+05:30,BUY,332,332,333.0,0.5345,TARGET
2026-02-19 09:15:00+05:30,2026-02-19 09:15:00+05:30,BUY,333,333,334.0,0.5331,TARGET
2026-02-19 09:15:00+05:30,2026-02-19 09:25:00+05:30,BUY,334,334,330.8999938964844,-3.565436099243164,EMA_SWITCH
2026-02-19 09:20:00+05:30,2026-02-19 09:25:00+05:30,BUY,332,332,330.8999938964844,-1.5640360992431641,EMA_SWITCH
2026-02-19 09:25:00+05:30,2026-02-19 09:40:00+05:30,SHORT,331,331,330.0,0.5373,TARGET
2026-02-19 09:40:00+05:30,2026-02-19 09:55:00+05:30,SHORT,330,330,331.3500061035156,-1.812951107788086,EMA_SWITCH
2026-02-19 09:55:00+05:30,2026-02-19 10:00:00+05:30,BUY,331,331,332.0,0.5359,TARGET
2026-02-19 10:00:00+05:30,2026-02-19 10:05:00+05:30,BUY,332,332,330.6499938964844,-1.813861099243164,EMA_SWITCH
2026-02-19 10:05:00+05:30,2026-02-19 10:10:00+05:30,SHORT,332,332,331.0,0.5359,TARGET
2026-02-19 10:05:00+05:30,2026-02-19 10:20:00+05:30,SHORT,331,331,330.0,0.5373,TARGET
2026-02-19 10:20:00+05:30,2026-02-19 11:55:00+05:30,SHORT,330,330,329.0,0.5387,TARGET
2026-02-19 11:55:00+05:30,2026-02-19 12:40:00+05:30,SHORT,329,329,328.0,0.5401,TARGET
2026-02-19 13:10:00+05:30,2026-02-19 13:30:00+05:30,SHORT,329,329,328.0,0.5401,TARGET
2026-02-19 12:40:00+05:30,2026-02-19 15:00:00+05:30,SHORT,328,328,327.0,0.5415,TARGET
2026-02-19 15:00:00+05:30,2026-02-19 15:10:00+05:30,SHORT,327,327,326.0,0.5428999999999999,TARGET
2026-02-19 15:10:00+05:30,2026-02-19 15:25:00+05:30,SHORT,326,326,325.6000061035156,-0.05612610778808591,EOD
2026-02-20 09:15:00+05:30,2026-02-20 09:30:00+05:30,SHORT,327,327,326.0,0.5428999999999999,TARGET
2026-02-20 09:50:00+05:30,2026-02-20 10:05:00+05:30,SHORT,327,327,326.0,0.5428999999999999,TARGET
2026-02-20 09:15:00+05:30,2026-02-20 11:15:00+05:30,SHORT,326,326,327.5,-1.95745,EMA_SWITCH
2026-02-20 10:30:00+05:30,2026-02-20 11:15:00+05:30,SHORT,327,327,327.5,-0.9581500000000001,EMA_SWITCH
2026-02-20 11:15:00+05:30,2026-02-20 11:25:00+05:30,BUY,327,327,327.20001220703125,-0.2579278015136719,EMA_SWITCH
2026-02-20 11:50:00+05:30,2026-02-20 12:15:00+05:30,SHORT,327,327,327.3500061035156,-0.8080511077880859,EMA_SWITCH
2026-02-20 12:15:00+05:30,2026-02-20 12:25:00+05:30,BUY,327,327,327.1499938964844,-0.30791109924316407,EMA_SWITCH
2026-02-20 12:45:00+05:30,2026-02-20 14:35:00+05:30,SHORT,327,327,326.8999938964844,-0.3577238922119141,EMA_SWITCH
2026-02-20 14:35:00+05:30,2026-02-20 15:15:00+05:30,BUY,327,327,326.79998779296875,-0.6576721984863281,EMA_SWITCH
2026-02-20 15:15:00+05:30,2026-02-20 15:25:00+05:30,SHORT,327,327,327.20001220703125,-0.6579522155761719,EOD
